{
  "order": {
    "ordernummer": "2000-751",
    "orderdatum": "18-06-2022",
    "betaaltermijn": "60-dagen",
    "klant": {
      "naam": "PC Sputnik B.V.",
      "adres": "Hoofdstraat 135",
      "postcode": "7510 AC",
      "stad": "Utrecht",
      "KVK-nummer": "51265410"
    },
    "producten": [
      {
        "productnaam": "Adobe Photoshop",
        "aantal": 1,
        "prijs_per_stuk_excl_btw": 398.45,
        "btw_percentage": 21.0
      },
      {
        "productnaam": "Microsoft Visual Studio 2019",
        "aantal": 2,
        "prijs_per_stuk_excl_btw": 148.69,
        "btw_percentage": 21.0
      },
      {
        "productnaam": "Oracle Cloud",
        "aantal": 1,
        "prijs_per_stuk_excl_btw": 41.6,
        "btw_percentage": 21.0
      },
      {
        "productnaam": "Oracle Solaris",
        "aantal": 2,
        "prijs_per_stuk_excl_btw": 162.25,
        "btw_percentage": 21.0
      },
      {
        "productnaam": "Microsoft Power BI",
        "aantal": 5,
        "prijs_per_stuk_excl_btw": 62.97,
        "btw_percentage": 21.0
      },
      {
        "productnaam": "Adobe Creative Cloud",
        "aantal": 5,
        "prijs_per_stuk_excl_btw": 433.23,
        "btw_percentage": 21.0
      },
      {
        "productnaam": "Adobe Illustrator",
        "aantal": 1,
        "prijs_per_stuk_excl_btw": 132.71,
        "btw_percentage": 21.0
      },
      {
        "productnaam": "Microsoft Windows Server 2019",
        "aantal": 4,
        "prijs_per_stuk_excl_btw": 217.38,
        "btw_percentage": 21.0
      },
      {
        "productnaam": "Microsoft SQL Server 2019",
        "aantal": 4,
        "prijs_per_stuk_excl_btw": 360.9,
        "btw_percentage": 21.0
      },
      {
        "productnaam": "Microsoft Office 365",
        "aantal": 5,
        "prijs_per_stuk_excl_btw": 273.61,
        "btw_percentage": 21.0
      },
      {
        "productnaam": "Oracle VM",
        "aantal": 2,
        "prijs_per_stuk_excl_btw": 354.79,
        "btw_percentage": 21.0
      },
      {
        "productnaam": "Google Workspace",
        "aantal": 2,
        "prijs_per_stuk_excl_btw": 375.97,
        "btw_percentage": 21.0
      },
      {
        "productnaam": "Microsoft Windows 10",
        "aantal": 2,
        "prijs_per_stuk_excl_btw": 82.29,
        "btw_percentage": 21.0
      },
      {
        "productnaam": "Microsoft Power BI",
        "aantal": 3,
        "prijs_per_stuk_excl_btw": 52.31,
        "btw_percentage": 21.0
      },
      {
        "productnaam": "Adobe Premiere Pro",
        "aantal": 3,
        "prijs_per_stuk_excl_btw": 92.5,
        "btw_percentage": 21.0
      },
      {
        "productnaam": "Google Workspace",
        "aantal": 3,
        "prijs_per_stuk_excl_btw": 416.89,
        "btw_percentage": 21.0
      },
      {
        "productnaam": "Adobe InDesign",
        "aantal": 1,
        "prijs_per_stuk_excl_btw": 458.15,
        "btw_percentage": 21.0
      },
      {
        "productnaam": "Oracle MySQL",
        "aantal": 1,
        "prijs_per_stuk_excl_btw": 322.0,
        "btw_percentage": 21.0
      }
    ]
  }
}