{
  "order": {
    "ordernummer": "2000-707",
    "orderdatum": "17-03-2021",
    "betaaltermijn": "90-dagen",
    "klant": {
      "naam": "PC Jupiter B.V.",
      "adres": "Hoofdstraat 260",
      "postcode": "2179 AC",
      "stad": "Amsterdam",
      "KVK-nummer": "56714124"
    },
    "producten": [
      {
        "productnaam": "Adobe InDesign",
        "aantal": 4,
        "prijs_per_stuk_excl_btw": 211.21,
        "btw_per_stuk": 44.35
      },
      {
        "productnaam": "Google Ads",
        "aantal": 4,
        "prijs_per_stuk_excl_btw": 376.55,
        "btw_per_stuk": 79.08
      },
      {
        "productnaam": "Google Ads",
        "aantal": 4,
        "prijs_per_stuk_excl_btw": 494.39,
        "btw_per_stuk": 103.82
      }
    ]
  }
}