{
  "order": {
    "ordernummer": "2000-841",
    "orderdatum": "05-04-2024",
    "betaaltermijn": "60-dagen",
    "klant": {
      "naam": "PC Aarde B.V.",
      "adres": "Schoolstraat 945",
      "postcode": "3830 AC",
      "stad": "Utrecht",
      "KVK-nummer": "55752327"
    },
    "producten": [
      {
        "productnaam": "Google Analytics",
        "aantal": 2,
        "prijs_per_stuk_excl_btw": 372.55,
        "btw_percentage": 21.0
      },
      {
        "productnaam": "Google Workspace",
        "aantal": 3,
        "prijs_per_stuk_excl_btw": 160.91,
        "btw_percentage": 21.0
      },
      {
        "productnaam": "Adobe Premiere Pro",
        "aantal": 4,
        "prijs_per_stuk_excl_btw": 191.45,
        "btw_percentage": 21.0
      },
      {
        "productnaam": "Oracle Java SE",
        "aantal": 5,
        "prijs_per_stuk_excl_btw": 331.31,
        "btw_percentage": 21.0
      },
      {
        "productnaam": "Microsoft Windows 10",
        "aantal": 3,
        "prijs_per_stuk_excl_btw": 467.97,
        "btw_percentage": 21.0
      },
      {
        "productnaam": "Google Workspace",
        "aantal": 2,
        "prijs_per_stuk_excl_btw": 201.15,
        "btw_percentage": 21.0
      },
      {
        "productnaam": "Adobe Creative Cloud",
        "aantal": 5,
        "prijs_per_stuk_excl_btw": 371.7,
        "btw_percentage": 21.0
      },
      {
        "productnaam": "Oracle VirtualBox",
        "aantal": 1,
        "prijs_per_stuk_excl_btw": 133.31,
        "btw_percentage": 21.0
      },
      {
        "productnaam": "Adobe Premiere Pro",
        "aantal": 3,
        "prijs_per_stuk_excl_btw": 488.41,
        "btw_percentage": 21.0
      },
      {
        "productnaam": "Oracle VM",
        "aantal": 1,
        "prijs_per_stuk_excl_btw": 352.82,
        "btw_percentage": 21.0
      },
      {
        "productnaam": "Google Cloud Platform",
        "aantal": 3,
        "prijs_per_stuk_excl_btw": 140.69,
        "btw_percentage": 21.0
      },
      {
        "productnaam": "Oracle MySQL",
        "aantal": 5,
        "prijs_per_stuk_excl_btw": 268.13,
        "btw_percentage": 21.0
      },
      {
        "productnaam": "Adobe Premiere Pro",
        "aantal": 5,
        "prijs_per_stuk_excl_btw": 481.39,
        "btw_percentage": 21.0
      },
      {
        "productnaam": "Adobe Photoshop",
        "aantal": 5,
        "prijs_per_stuk_excl_btw": 191.21,
        "btw_percentage": 21.0
      },
      {
        "productnaam": "Oracle Solaris",
        "aantal": 3,
        "prijs_per_stuk_excl_btw": 383.3,
        "btw_percentage": 21.0
      },
      {
        "productnaam": "Oracle Cloud",
        "aantal": 2,
        "prijs_per_stuk_excl_btw": 46.83,
        "btw_percentage": 21.0
      },
      {
        "productnaam": "Oracle MySQL",
        "aantal": 5,
        "prijs_per_stuk_excl_btw": 169.06,
        "btw_percentage": 21.0
      }
    ]
  }
}