{
  "order": {
    "ordernummer": "2000-906",
    "orderdatum": "06-06-2021",
    "betaaltermijn": "30-dagen",
    "klant": {
      "naam": "PC Mercurius B.V.",
      "adres": "Hoofdstraat 738",
      "postcode": "9801 AA",
      "stad": "Amsterdam",
      "KVK-nummer": "17617125"
    },
    "producten": [
      {
        "productnaam": "Oracle Solaris",
        "aantal": 4,
        "prijs_per_stuk_excl_btw": 72.04,
        "btw_percentage": 21.0
      },
      {
        "productnaam": "GitHub",
        "aantal": 1,
        "prijs_per_stuk_excl_btw": 300.08,
        "btw_percentage": 21.0
      },
      {
        "productnaam": "Oracle Cloud",
        "aantal": 1,
        "prijs_per_stuk_excl_btw": 262.84,
        "btw_percentage": 21.0
      },
      {
        "productnaam": "Google Ads",
        "aantal": 2,
        "prijs_per_stuk_excl_btw": 368.03,
        "btw_percentage": 21.0
      },
      {
        "productnaam": "Google Analytics",
        "aantal": 2,
        "prijs_per_stuk_excl_btw": 339.03,
        "btw_percentage": 21.0
      },
      {
        "productnaam": "Microsoft Visual Studio 2019",
        "aantal": 4,
        "prijs_per_stuk_excl_btw": 220.65,
        "btw_percentage": 21.0
      },
      {
        "productnaam": "Microsoft Windows 10",
        "aantal": 1,
        "prijs_per_stuk_excl_btw": 231.87,
        "btw_percentage": 21.0
      },
      {
        "productnaam": "Google Ads",
        "aantal": 3,
        "prijs_per_stuk_excl_btw": 355.45,
        "btw_percentage": 21.0
      },
      {
        "productnaam": "Microsoft Azure",
        "aantal": 1,
        "prijs_per_stuk_excl_btw": 202.47,
        "btw_percentage": 21.0
      },
      {
        "productnaam": "Microsoft Office 365",
        "aantal": 5,
        "prijs_per_stuk_excl_btw": 109.72,
        "btw_percentage": 21.0
      },
      {
        "productnaam": "Google Webservices",
        "aantal": 3,
        "prijs_per_stuk_excl_btw": 190.0,
        "btw_percentage": 21.0
      },
      {
        "productnaam": "Google Ads",
        "aantal": 5,
        "prijs_per_stuk_excl_btw": 123.65,
        "btw_percentage": 21.0
      },
      {
        "productnaam": "Adobe Premiere Pro",
        "aantal": 1,
        "prijs_per_stuk_excl_btw": 232.07,
        "btw_percentage": 21.0
      },
      {
        "productnaam": "Google Ads",
        "aantal": 4,
        "prijs_per_stuk_excl_btw": 406.22,
        "btw_percentage": 21.0
      },
      {
        "productnaam": "Oracle WebLogic Server",
        "aantal": 3,
        "prijs_per_stuk_excl_btw": 364.46,
        "btw_percentage": 21.0
      }
    ]
  }
}