{
  "order": {
    "ordernummer": "2000-490",
    "orderdatum": "14-11-2021",
    "betaaltermijn": "60-dagen",
    "klant": {
      "naam": "PC Sputnik B.V.",
      "adres": "Kerkstraat 163",
      "postcode": "3602 AA",
      "stad": "Amsterdam",
      "KVK-nummer": "43197021"
    },
    "producten": [
      {
        "productnaam": "Google Ads",
        "aantal": 5,
        "prijs_per_stuk_excl_btw": 209.91,
        "btw_per_stuk": 44.08
      },
      {
        "productnaam": "Adobe Creative Cloud",
        "aantal": 1,
        "prijs_per_stuk_excl_btw": 216.03,
        "btw_per_stuk": 45.37
      },
      {
        "productnaam": "Microsoft Windows Server 2019",
        "aantal": 4,
        "prijs_per_stuk_excl_btw": 181.92,
        "btw_per_stuk": 38.2
      }
    ]
  }
}