{
  "order": {
    "ordernummer": "2000-091",
    "orderdatum": "11-01-2024",
    "betaaltermijn": "30-dagen",
    "klant": {
      "naam": "PC Saturnus B.V.",
      "adres": "Kerkstraat 856",
      "postcode": "4631 AA",
      "stad": "Rotterdam",
      "KVK-nummer": "79819497"
    },
    "producten": [
      {
        "productnaam": "Microsoft Visual Studio 2019",
        "aantal": 2,
        "prijs_per_stuk_excl_btw": 23.36,
        "btw_percentage": 21.0
      },
      {
        "productnaam": "Google Workspace",
        "aantal": 5,
        "prijs_per_stuk_excl_btw": 274.04,
        "btw_percentage": 21.0
      },
      {
        "productnaam": "Oracle VirtualBox",
        "aantal": 4,
        "prijs_per_stuk_excl_btw": 383.87,
        "btw_percentage": 21.0
      },
      {
        "productnaam": "Oracle WebLogic Server",
        "aantal": 5,
        "prijs_per_stuk_excl_btw": 450.21,
        "btw_percentage": 21.0
      },
      {
        "productnaam": "Google Analytics",
        "aantal": 3,
        "prijs_per_stuk_excl_btw": 400.56,
        "btw_percentage": 21.0
      },
      {
        "productnaam": "Google Workspace",
        "aantal": 5,
        "prijs_per_stuk_excl_btw": 223.24,
        "btw_percentage": 21.0
      },
      {
        "productnaam": "Microsoft SQL Server 2019",
        "aantal": 2,
        "prijs_per_stuk_excl_btw": 367.5,
        "btw_percentage": 21.0
      },
      {
        "productnaam": "GitHub",
        "aantal": 4,
        "prijs_per_stuk_excl_btw": 487.55,
        "btw_percentage": 21.0
      },
      {
        "productnaam": "Google Cloud Platform",
        "aantal": 5,
        "prijs_per_stuk_excl_btw": 125.64,
        "btw_percentage": 21.0
      },
      {
        "productnaam": "Adobe Photoshop",
        "aantal": 3,
        "prijs_per_stuk_excl_btw": 239.08,
        "btw_percentage": 21.0
      },
      {
        "productnaam": "Microsoft Power BI",
        "aantal": 2,
        "prijs_per_stuk_excl_btw": 22.6,
        "btw_percentage": 21.0
      },
      {
        "productnaam": "Oracle Database 19c",
        "aantal": 4,
        "prijs_per_stuk_excl_btw": 10.59,
        "btw_percentage": 21.0
      },
      {
        "productnaam": "GitHub",
        "aantal": 4,
        "prijs_per_stuk_excl_btw": 39.74,
        "btw_percentage": 21.0
      },
      {
        "productnaam": "Google Webservices",
        "aantal": 4,
        "prijs_per_stuk_excl_btw": 334.9,
        "btw_percentage": 21.0
      }
    ]
  }
}