{
  "order": {
    "ordernummer": "2000-048",
    "orderdatum": "20-09-2024",
    "betaaltermijn": "30-dagen",
    "klant": {
      "naam": "PC Saturnus B.V.",
      "adres": "Kerkstraat 488",
      "postcode": "9766 AC",
      "stad": "Amsterdam",
      "KVK-nummer": "15377959"
    },
    "producten": [
      {
        "productnaam": "Microsoft Azure",
        "aantal": 1,
        "prijs_per_stuk_excl_btw": 363.07,
        "btw_percentage": 21.0
      },
      {
        "productnaam": "Microsoft Windows Server 2019",
        "aantal": 4,
        "prijs_per_stuk_excl_btw": 421.61,
        "btw_percentage": 21.0
      }
    ]
  }
}