{
  "order": {
    "ordernummer": "2000-477",
    "orderdatum": "09-05-2021",
    "betaaltermijn": "90-dagen",
    "klant": {
      "naam": "PC Saturnus B.V.",
      "adres": "Kerkstraat 424",
      "postcode": "1426 AB",
      "stad": "Utrecht",
      "KVK-nummer": "88075262"
    },
    "producten": [
      {
        "productnaam": "Oracle VirtualBox",
        "aantal": 4,
        "prijs_per_stuk_excl_btw": 425.59,
        "btw_percentage": 21.0
      },
      {
        "productnaam": "Microsoft Azure",
        "aantal": 4,
        "prijs_per_stuk_excl_btw": 463.28,
        "btw_percentage": 21.0
      },
      {
        "productnaam": "Microsoft Windows Server 2019",
        "aantal": 5,
        "prijs_per_stuk_excl_btw": 116.74,
        "btw_percentage": 21.0
      },
      {
        "productnaam": "Google Cloud Platform",
        "aantal": 3,
        "prijs_per_stuk_excl_btw": 299.67,
        "btw_percentage": 21.0
      },
      {
        "productnaam": "Microsoft SQL Server 2019",
        "aantal": 4,
        "prijs_per_stuk_excl_btw": 10.79,
        "btw_percentage": 21.0
      },
      {
        "productnaam": "Oracle MySQL",
        "aantal": 2,
        "prijs_per_stuk_excl_btw": 264.97,
        "btw_percentage": 21.0
      },
      {
        "productnaam": "Adobe Premiere Pro",
        "aantal": 4,
        "prijs_per_stuk_excl_btw": 125.96,
        "btw_percentage": 21.0
      },
      {
        "productnaam": "Adobe Photoshop",
        "aantal": 1,
        "prijs_per_stuk_excl_btw": 258.08,
        "btw_percentage": 21.0
      },
      {
        "productnaam": "Oracle Solaris",
        "aantal": 2,
        "prijs_per_stuk_excl_btw": 156.27,
        "btw_percentage": 21.0
      },
      {
        "productnaam": "Google Webservices",
        "aantal": 4,
        "prijs_per_stuk_excl_btw": 363.62,
        "btw_percentage": 21.0
      },
      {
        "productnaam": "Microsoft Visual Studio 2019",
        "aantal": 5,
        "prijs_per_stuk_excl_btw": 492.19,
        "btw_percentage": 21.0
      },
      {
        "productnaam": "Google Workspace",
        "aantal": 5,
        "prijs_per_stuk_excl_btw": 255.53,
        "btw_percentage": 21.0
      },
      {
        "productnaam": "Adobe Photoshop",
        "aantal": 1,
        "prijs_per_stuk_excl_btw": 303.44,
        "btw_percentage": 21.0
      },
      {
        "productnaam": "Microsoft Azure",
        "aantal": 1,
        "prijs_per_stuk_excl_btw": 426.41,
        "btw_percentage": 21.0
      },
      {
        "productnaam": "Microsoft Dynamics 365",
        "aantal": 5,
        "prijs_per_stuk_excl_btw": 83.77,
        "btw_percentage": 21.0
      },
      {
        "productnaam": "Google Analytics",
        "aantal": 3,
        "prijs_per_stuk_excl_btw": 392.89,
        "btw_percentage": 21.0
      },
      {
        "productnaam": "GitHub",
        "aantal": 3,
        "prijs_per_stuk_excl_btw": 201.48,
        "btw_percentage": 21.0
      },
      {
        "productnaam": "Google Cloud Platform",
        "aantal": 3,
        "prijs_per_stuk_excl_btw": 224.57,
        "btw_percentage": 21.0
      }
    ]
  }
}