{
  "order": {
    "ordernummer": "2000-996",
    "orderdatum": "11-11-2022",
    "betaaltermijn": "60-dagen",
    "klant": {
      "naam": "PC Jupiter B.V.",
      "adres": "Hoofdstraat 692",
      "postcode": "5099 AA",
      "stad": "Utrecht",
      "KVK-nummer": "65407345"
    },
    "producten": [
      {
        "productnaam": "Google Analytics",
        "aantal": 3,
        "prijs_per_stuk_excl_btw": 133.38,
        "btw_per_stuk": 28.01
      },
      {
        "productnaam": "Google Workspace",
        "aantal": 4,
        "prijs_per_stuk_excl_btw": 141.53,
        "btw_per_stuk": 29.72
      },
      {
        "productnaam": "Adobe Premiere Pro",
        "aantal": 4,
        "prijs_per_stuk_excl_btw": 250.89,
        "btw_per_stuk": 52.69
      }
    ]
  }
}