{
  "order": {
    "ordernummer": "2000-039",
    "orderdatum": "10-02-2024",
    "betaaltermijn": "90-dagen",
    "klant": {
      "naam": "PC Neptunus B.V.",
      "adres": "Hoofdstraat 175",
      "postcode": "4754 AB",
      "stad": "Amsterdam",
      "KVK-nummer": "22333516"
    },
    "producten": [
      {
        "productnaam": "Microsoft Dynamics 365",
        "aantal": 2,
        "prijs_per_stuk_excl_btw": 354.39,
        "btw_percentage": 21.0
      },
      {
        "productnaam": "Microsoft Visual Studio 2019",
        "aantal": 1,
        "prijs_per_stuk_excl_btw": 493.31,
        "btw_percentage": 21.0
      },
      {
        "productnaam": "Oracle VM",
        "aantal": 4,
        "prijs_per_stuk_excl_btw": 206.75,
        "btw_percentage": 21.0
      },
      {
        "productnaam": "GitHub",
        "aantal": 1,
        "prijs_per_stuk_excl_btw": 283.42,
        "btw_percentage": 21.0
      },
      {
        "productnaam": "Google Ads",
        "aantal": 4,
        "prijs_per_stuk_excl_btw": 236.23,
        "btw_percentage": 21.0
      },
      {
        "productnaam": "Oracle Solaris",
        "aantal": 4,
        "prijs_per_stuk_excl_btw": 348.27,
        "btw_percentage": 21.0
      },
      {
        "productnaam": "Oracle Cloud",
        "aantal": 4,
        "prijs_per_stuk_excl_btw": 303.25,
        "btw_percentage": 21.0
      },
      {
        "productnaam": "Oracle VirtualBox",
        "aantal": 5,
        "prijs_per_stuk_excl_btw": 299.12,
        "btw_percentage": 21.0
      }
    ]
  }
}