{
  "order": {
    "ordernummer": "2000-189",
    "orderdatum": "18-03-2023",
    "betaaltermijn": "30-dagen",
    "klant": {
      "naam": "PC Jupiter B.V.",
      "adres": "Hoofdstraat 434",
      "postcode": "7116 AC",
      "stad": "Rotterdam",
      "KVK-nummer": "13218509"
    },
    "producten": [
      {
        "productnaam": "Oracle Cloud",
        "aantal": 5,
        "prijs_per_stuk_excl_btw": 242.4,
        "btw_per_stuk": 50.9
      },
      {
        "productnaam": "GitHub",
        "aantal": 3,
        "prijs_per_stuk_excl_btw": 197.09,
        "btw_per_stuk": 41.39
      }
    ]
  }
}