{
  "order": {
    "ordernummer": "2000-502",
    "orderdatum": "11-12-2021",
    "betaaltermijn": "60-dagen",
    "klant": {
      "naam": "PC Sputnik B.V.",
      "adres": "Kerkstraat 53",
      "postcode": "1184 AB",
      "stad": "Amsterdam",
      "KVK-nummer": "35247795"
    },
    "producten": [
      {
        "productnaam": "Microsoft Azure",
        "aantal": 5,
        "prijs_per_stuk_excl_btw": 181.56,
        "btw_per_stuk": 38.13
      },
      {
        "productnaam": "Microsoft Dynamics 365",
        "aantal": 1,
        "prijs_per_stuk_excl_btw": 431.02,
        "btw_per_stuk": 90.51
      },
      {
        "productnaam": "Oracle VM",
        "aantal": 1,
        "prijs_per_stuk_excl_btw": 138.56,
        "btw_per_stuk": 29.1
      }
    ]
  }
}