{
  "order": {
    "ordernummer": "2000-796",
    "orderdatum": "16-09-2023",
    "betaaltermijn": "60-dagen",
    "klant": {
      "naam": "PC Saturnus B.V.",
      "adres": "Schoolstraat 567",
      "postcode": "4208 AB",
      "stad": "Utrecht",
      "KVK-nummer": "48585823"
    },
    "producten": [
      {
        "productnaam": "GitHub",
        "aantal": 2,
        "prijs_per_stuk_excl_btw": 258.56,
        "btw_percentage": 21.0
      },
      {
        "productnaam": "Microsoft Visual Studio 2019",
        "aantal": 2,
        "prijs_per_stuk_excl_btw": 347.61,
        "btw_percentage": 21.0
      },
      {
        "productnaam": "Adobe Creative Cloud",
        "aantal": 3,
        "prijs_per_stuk_excl_btw": 74.39,
        "btw_percentage": 21.0
      }
    ]
  }
}