{
  "order": {
    "ordernummer": "2000-391",
    "orderdatum": "01-12-2022",
    "betaaltermijn": "90-dagen",
    "klant": {
      "naam": "PC Jupiter B.V.",
      "adres": "Hoofdstraat 761",
      "postcode": "1021 AB",
      "stad": "Rotterdam",
      "KVK-nummer": "12022093"
    },
    "producten": [
      {
        "productnaam": "GitHub",
        "aantal": 3,
        "prijs_per_stuk_excl_btw": 466.74,
        "btw_percentage": 21.0
      },
      {
        "productnaam": "Adobe Creative Cloud",
        "aantal": 1,
        "prijs_per_stuk_excl_btw": 351.87,
        "btw_percentage": 21.0
      },
      {
        "productnaam": "Oracle Database 19c",
        "aantal": 5,
        "prijs_per_stuk_excl_btw": 94.55,
        "btw_percentage": 21.0
      },
      {
        "productnaam": "Google Webservices",
        "aantal": 4,
        "prijs_per_stuk_excl_btw": 87.9,
        "btw_percentage": 21.0
      },
      {
        "productnaam": "Google Ads",
        "aantal": 4,
        "prijs_per_stuk_excl_btw": 311.02,
        "btw_percentage": 21.0
      },
      {
        "productnaam": "Oracle Java SE",
        "aantal": 4,
        "prijs_per_stuk_excl_btw": 387.42,
        "btw_percentage": 21.0
      },
      {
        "productnaam": "Microsoft Office 365",
        "aantal": 1,
        "prijs_per_stuk_excl_btw": 245.71,
        "btw_percentage": 21.0
      },
      {
        "productnaam": "Microsoft Azure",
        "aantal": 3,
        "prijs_per_stuk_excl_btw": 30.93,
        "btw_percentage": 21.0
      },
      {
        "productnaam": "Google Analytics",
        "aantal": 5,
        "prijs_per_stuk_excl_btw": 112.4,
        "btw_percentage": 21.0
      },
      {
        "productnaam": "Adobe Photoshop",
        "aantal": 5,
        "prijs_per_stuk_excl_btw": 302.14,
        "btw_percentage": 21.0
      },
      {
        "productnaam": "Adobe Creative Cloud",
        "aantal": 3,
        "prijs_per_stuk_excl_btw": 325.02,
        "btw_percentage": 21.0
      },
      {
        "productnaam": "Google Cloud Platform",
        "aantal": 1,
        "prijs_per_stuk_excl_btw": 88.9,
        "btw_percentage": 21.0
      },
      {
        "productnaam": "Google Workspace",
        "aantal": 3,
        "prijs_per_stuk_excl_btw": 381.51,
        "btw_percentage": 21.0
      },
      {
        "productnaam": "Adobe Photoshop",
        "aantal": 1,
        "prijs_per_stuk_excl_btw": 471.82,
        "btw_percentage": 21.0
      },
      {
        "productnaam": "Google Ads",
        "aantal": 1,
        "prijs_per_stuk_excl_btw": 304.7,
        "btw_percentage": 21.0
      },
      {
        "productnaam": "Microsoft Windows Server 2019",
        "aantal": 1,
        "prijs_per_stuk_excl_btw": 250.6,
        "btw_percentage": 21.0
      },
      {
        "productnaam": "GitHub",
        "aantal": 2,
        "prijs_per_stuk_excl_btw": 79.37,
        "btw_percentage": 21.0
      }
    ]
  }
}