{
  "order": {
    "ordernummer": "2000-554",
    "orderdatum": "25-07-2024",
    "betaaltermijn": "60-dagen",
    "klant": {
      "naam": "PC Aarde B.V.",
      "adres": "Kerkstraat 661",
      "postcode": "2068 AC",
      "stad": "Rotterdam",
      "KVK-nummer": "43916452"
    },
    "producten": [
      {
        "productnaam": "Oracle VirtualBox",
        "aantal": 2,
        "prijs_per_stuk_excl_btw": 89.98,
        "btw_percentage": 21.0
      },
      {
        "productnaam": "Microsoft Windows Server 2019",
        "aantal": 5,
        "prijs_per_stuk_excl_btw": 38.22,
        "btw_percentage": 21.0
      },
      {
        "productnaam": "Microsoft Dynamics 365",
        "aantal": 1,
        "prijs_per_stuk_excl_btw": 272.13,
        "btw_percentage": 21.0
      },
      {
        "productnaam": "Oracle Cloud",
        "aantal": 2,
        "prijs_per_stuk_excl_btw": 44.82,
        "btw_percentage": 21.0
      },
      {
        "productnaam": "Google Webservices",
        "aantal": 2,
        "prijs_per_stuk_excl_btw": 251.54,
        "btw_percentage": 21.0
      }
    ]
  }
}