{
  "order": {
    "ordernummer": "2000-609",
    "orderdatum": "25-08-2021",
    "betaaltermijn": "30-dagen",
    "klant": {
      "naam": "PC Saturnus B.V.",
      "adres": "Schoolstraat 609",
      "postcode": "9465 AC",
      "stad": "Rotterdam",
      "KVK-nummer": "11383074"
    },
    "producten": [
      {
        "productnaam": "Google Analytics",
        "aantal": 5,
        "prijs_per_stuk_excl_btw": 209.61,
        "btw_per_stuk": 44.02
      },
      {
        "productnaam": "Oracle VM",
        "aantal": 5,
        "prijs_per_stuk_excl_btw": 412.66,
        "btw_per_stuk": 86.66
      }
    ]
  }
}