{
  "order": {
    "ordernummer": "2000-083",
    "orderdatum": "27-07-2021",
    "betaaltermijn": "90-dagen",
    "klant": {
      "naam": "PC Sputnik B.V.",
      "adres": "Schoolstraat 684",
      "postcode": "8570 AB",
      "stad": "Amsterdam",
      "KVK-nummer": "74700852"
    },
    "producten": [
      {
        "productnaam": "Oracle MySQL",
        "aantal": 4,
        "prijs_per_stuk_excl_btw": 220.5,
        "btw_percentage": 21.0
      },
      {
        "productnaam": "Oracle Java SE",
        "aantal": 1,
        "prijs_per_stuk_excl_btw": 273.12,
        "btw_percentage": 21.0
      }
    ]
  }
}