{
  "order": {
    "ordernummer": "2000-538",
    "orderdatum": "09-07-2023",
    "betaaltermijn": "90-dagen",
    "klant": {
      "naam": "PC Aarde B.V.",
      "adres": "Hoofdstraat 680",
      "postcode": "7452 AA",
      "stad": "Utrecht",
      "KVK-nummer": "72424429"
    },
    "producten": [
      {
        "productnaam": "Oracle MySQL",
        "aantal": 3,
        "prijs_per_stuk_excl_btw": 486.0,
        "btw_percentage": 21.0
      },
      {
        "productnaam": "Adobe Premiere Pro",
        "aantal": 2,
        "prijs_per_stuk_excl_btw": 286.1,
        "btw_percentage": 21.0
      },
      {
        "productnaam": "Google Workspace",
        "aantal": 4,
        "prijs_per_stuk_excl_btw": 348.42,
        "btw_percentage": 21.0
      }
    ]
  }
}