{
  "order": {
    "ordernummer": "2000-334",
    "orderdatum": "18-12-2020",
    "betaaltermijn": "90-dagen",
    "klant": {
      "naam": "PC Sputnik B.V.",
      "adres": "Hoofdstraat 395",
      "postcode": "2524 AC",
      "stad": "Amsterdam",
      "KVK-nummer": "14290139"
    },
    "producten": [
      {
        "productnaam": "Oracle Solaris",
        "aantal": 2,
        "prijs_per_stuk_excl_btw": 363.47,
        "btw_percentage": 21.0
      },
      {
        "productnaam": "Adobe Creative Cloud",
        "aantal": 5,
        "prijs_per_stuk_excl_btw": 402.15,
        "btw_percentage": 21.0
      },
      {
        "productnaam": "Adobe Illustrator",
        "aantal": 4,
        "prijs_per_stuk_excl_btw": 354.41,
        "btw_percentage": 21.0
      }
    ]
  }
}