{
  "order": {
    "ordernummer": "2000-113",
    "orderdatum": "14-07-2021",
    "betaaltermijn": "30-dagen",
    "klant": {
      "naam": "PC Saturnus B.V.",
      "adres": "Schoolstraat 340",
      "postcode": "3447 AA",
      "stad": "Amsterdam",
      "KVK-nummer": "51011572"
    },
    "producten": [
      {
        "productnaam": "GitHub",
        "aantal": 3,
        "prijs_per_stuk_excl_btw": 247.37,
        "btw_percentage": 21.0
      },
      {
        "productnaam": "Google Webservices",
        "aantal": 2,
        "prijs_per_stuk_excl_btw": 11.56,
        "btw_percentage": 21.0
      },
      {
        "productnaam": "Oracle VM",
        "aantal": 5,
        "prijs_per_stuk_excl_btw": 257.18,
        "btw_percentage": 21.0
      }
    ]
  }
}