{
  "order": {
    "ordernummer": "2000-112",
    "orderdatum": "07-04-2022",
    "betaaltermijn": "30-dagen",
    "klant": {
      "naam": "PC Mercurius B.V.",
      "adres": "Schoolstraat 666",
      "postcode": "9551 AB",
      "stad": "Amsterdam",
      "KVK-nummer": "17999485"
    },
    "producten": [
      {
        "productnaam": "Microsoft Power BI",
        "aantal": 3,
        "prijs_per_stuk_excl_btw": 433.68,
        "btw_percentage": 21.0
      },
      {
        "productnaam": "Google Webservices",
        "aantal": 5,
        "prijs_per_stuk_excl_btw": 195.06,
        "btw_percentage": 21.0
      },
      {
        "productnaam": "Microsoft Azure",
        "aantal": 2,
        "prijs_per_stuk_excl_btw": 262.43,
        "btw_percentage": 21.0
      }
    ]
  }
}