{
  "order": {
    "ordernummer": "2000-598",
    "orderdatum": "27-03-2021",
    "betaaltermijn": "60-dagen",
    "klant": {
      "naam": "PC Saturnus B.V.",
      "adres": "Kerkstraat 145",
      "postcode": "8728 AB",
      "stad": "Rotterdam",
      "KVK-nummer": "94131629"
    },
    "producten": [
      {
        "productnaam": "Oracle MySQL",
        "aantal": 2,
        "prijs_per_stuk_excl_btw": 220.83,
        "btw_per_stuk": 46.37
      },
      {
        "productnaam": "Oracle WebLogic Server",
        "aantal": 1,
        "prijs_per_stuk_excl_btw": 491.5,
        "btw_per_stuk": 103.21
      },
      {
        "productnaam": "Adobe Photoshop",
        "aantal": 4,
        "prijs_per_stuk_excl_btw": 380.4,
        "btw_per_stuk": 79.88
      },
      {
        "productnaam": "Oracle WebLogic Server",
        "aantal": 4,
        "prijs_per_stuk_excl_btw": 10.68,
        "btw_per_stuk": 2.24
      }
    ]
  }
}