{
  "order": {
    "ordernummer": "2000-512",
    "orderdatum": "10-05-2020",
    "betaaltermijn": "60-dagen",
    "klant": {
      "naam": "PC Saturnus B.V.",
      "adres": "Hoofdstraat 843",
      "postcode": "9515 AC",
      "stad": "Utrecht",
      "KVK-nummer": "94389886"
    },
    "producten": [
      {
        "productnaam": "Microsoft Power BI",
        "aantal": 4,
        "prijs_per_stuk_excl_btw": 221.57,
        "btw_percentage": 21.0
      },
      {
        "productnaam": "Oracle Database 19c",
        "aantal": 2,
        "prijs_per_stuk_excl_btw": 457.4,
        "btw_percentage": 21.0
      }
    ]
  }
}