{
  "order": {
    "ordernummer": "2000-910",
    "orderdatum": "05-05-2024",
    "betaaltermijn": "30-dagen",
    "klant": {
      "naam": "PC Saturnus B.V.",
      "adres": "Schoolstraat 915",
      "postcode": "8089 AC",
      "stad": "Amsterdam",
      "KVK-nummer": "43328750"
    },
    "producten": [
      {
        "productnaam": "Oracle Java SE",
        "aantal": 3,
        "prijs_per_stuk_excl_btw": 386.96,
        "btw_percentage": 21.0
      },
      {
        "productnaam": "Microsoft Windows 10",
        "aantal": 1,
        "prijs_per_stuk_excl_btw": 287.03,
        "btw_percentage": 21.0
      },
      {
        "productnaam": "Google Ads",
        "aantal": 4,
        "prijs_per_stuk_excl_btw": 170.84,
        "btw_percentage": 21.0
      },
      {
        "productnaam": "Microsoft Office 365",
        "aantal": 2,
        "prijs_per_stuk_excl_btw": 73.31,
        "btw_percentage": 21.0
      },
      {
        "productnaam": "Microsoft Dynamics 365",
        "aantal": 4,
        "prijs_per_stuk_excl_btw": 488.7,
        "btw_percentage": 21.0
      },
      {
        "productnaam": "Oracle Database 19c",
        "aantal": 4,
        "prijs_per_stuk_excl_btw": 167.22,
        "btw_percentage": 21.0
      },
      {
        "productnaam": "Oracle VM",
        "aantal": 2,
        "prijs_per_stuk_excl_btw": 466.16,
        "btw_percentage": 21.0
      },
      {
        "productnaam": "Adobe Photoshop",
        "aantal": 5,
        "prijs_per_stuk_excl_btw": 110.71,
        "btw_percentage": 21.0
      }
    ]
  }
}