{
  "order": {
    "ordernummer": "2000-696",
    "orderdatum": "08-09-2024",
    "betaaltermijn": "90-dagen",
    "klant": {
      "naam": "PC Aarde B.V.",
      "adres": "Kerkstraat 353",
      "postcode": "6010 AB",
      "stad": "Rotterdam",
      "KVK-nummer": "54600079"
    },
    "producten": [
      {
        "productnaam": "Adobe Illustrator",
        "aantal": 2,
        "prijs_per_stuk_excl_btw": 272.33,
        "btw_percentage": 21.0
      },
      {
        "productnaam": "Google Workspace",
        "aantal": 1,
        "prijs_per_stuk_excl_btw": 429.4,
        "btw_percentage": 21.0
      },
      {
        "productnaam": "Microsoft Office 365",
        "aantal": 4,
        "prijs_per_stuk_excl_btw": 441.65,
        "btw_percentage": 21.0
      },
      {
        "productnaam": "Adobe Premiere Pro",
        "aantal": 1,
        "prijs_per_stuk_excl_btw": 471.17,
        "btw_percentage": 21.0
      },
      {
        "productnaam": "Adobe InDesign",
        "aantal": 1,
        "prijs_per_stuk_excl_btw": 258.6,
        "btw_percentage": 21.0
      },
      {
        "productnaam": "Microsoft Dynamics 365",
        "aantal": 3,
        "prijs_per_stuk_excl_btw": 281.29,
        "btw_percentage": 21.0
      },
      {
        "productnaam": "Adobe Creative Cloud",
        "aantal": 2,
        "prijs_per_stuk_excl_btw": 259.66,
        "btw_percentage": 21.0
      },
      {
        "productnaam": "GitHub",
        "aantal": 4,
        "prijs_per_stuk_excl_btw": 419.9,
        "btw_percentage": 21.0
      },
      {
        "productnaam": "Oracle Solaris",
        "aantal": 3,
        "prijs_per_stuk_excl_btw": 227.84,
        "btw_percentage": 21.0
      }
    ]
  }
}