{
  "order": {
    "ordernummer": "2000-784",
    "orderdatum": "26-04-2021",
    "betaaltermijn": "60-dagen",
    "klant": {
      "naam": "PC Sputnik B.V.",
      "adres": "Schoolstraat 692",
      "postcode": "1405 AA",
      "stad": "Utrecht",
      "KVK-nummer": "43781506"
    },
    "producten": [
      {
        "productnaam": "Microsoft Power BI",
        "aantal": 5,
        "prijs_per_stuk_excl_btw": 89.82,
        "btw_percentage": 21.0
      },
      {
        "productnaam": "Adobe Premiere Pro",
        "aantal": 2,
        "prijs_per_stuk_excl_btw": 185.42,
        "btw_percentage": 21.0
      },
      {
        "productnaam": "Microsoft Windows 10",
        "aantal": 5,
        "prijs_per_stuk_excl_btw": 154.98,
        "btw_percentage": 21.0
      },
      {
        "productnaam": "Adobe Creative Cloud",
        "aantal": 3,
        "prijs_per_stuk_excl_btw": 133.65,
        "btw_percentage": 21.0
      },
      {
        "productnaam": "Microsoft Power BI",
        "aantal": 2,
        "prijs_per_stuk_excl_btw": 225.37,
        "btw_percentage": 21.0
      },
      {
        "productnaam": "Microsoft Power BI",
        "aantal": 3,
        "prijs_per_stuk_excl_btw": 131.37,
        "btw_percentage": 21.0
      },
      {
        "productnaam": "Oracle VirtualBox",
        "aantal": 1,
        "prijs_per_stuk_excl_btw": 246.67,
        "btw_percentage": 21.0
      },
      {
        "productnaam": "Google Analytics",
        "aantal": 2,
        "prijs_per_stuk_excl_btw": 398.97,
        "btw_percentage": 21.0
      },
      {
        "productnaam": "Oracle WebLogic Server",
        "aantal": 3,
        "prijs_per_stuk_excl_btw": 465.04,
        "btw_percentage": 21.0
      },
      {
        "productnaam": "Microsoft Visual Studio 2019",
        "aantal": 1,
        "prijs_per_stuk_excl_btw": 231.96,
        "btw_percentage": 21.0
      },
      {
        "productnaam": "Oracle Java SE",
        "aantal": 4,
        "prijs_per_stuk_excl_btw": 203.45,
        "btw_percentage": 21.0
      },
      {
        "productnaam": "Microsoft Power BI",
        "aantal": 2,
        "prijs_per_stuk_excl_btw": 301.66,
        "btw_percentage": 21.0
      },
      {
        "productnaam": "Microsoft Power BI",
        "aantal": 1,
        "prijs_per_stuk_excl_btw": 466.88,
        "btw_percentage": 21.0
      },
      {
        "productnaam": "Microsoft Windows Server 2019",
        "aantal": 2,
        "prijs_per_stuk_excl_btw": 159.72,
        "btw_percentage": 21.0
      },
      {
        "productnaam": "Oracle WebLogic Server",
        "aantal": 5,
        "prijs_per_stuk_excl_btw": 233.6,
        "btw_percentage": 21.0
      },
      {
        "productnaam": "Microsoft Windows 10",
        "aantal": 5,
        "prijs_per_stuk_excl_btw": 148.99,
        "btw_percentage": 21.0
      },
      {
        "productnaam": "GitHub",
        "aantal": 2,
        "prijs_per_stuk_excl_btw": 349.6,
        "btw_percentage": 21.0
      },
      {
        "productnaam": "Oracle Java SE",
        "aantal": 1,
        "prijs_per_stuk_excl_btw": 133.94,
        "btw_percentage": 21.0
      },
      {
        "productnaam": "Adobe Premiere Pro",
        "aantal": 4,
        "prijs_per_stuk_excl_btw": 390.41,
        "btw_percentage": 21.0
      },
      {
        "productnaam": "Microsoft Windows 10",
        "aantal": 2,
        "prijs_per_stuk_excl_btw": 138.07,
        "btw_percentage": 21.0
      }
    ]
  }
}