{
  "order": {
    "ordernummer": "2001-071",
    "orderdatum": "13-06-2021",
    "betaaltermijn": "90-dagen",
    "klant": {
      "naam": "PC Sputnik B.V.",
      "adres": "Hoofdstraat 24",
      "postcode": "1562 AA",
      "stad": "Amsterdam",
      "KVK-nummer": "73085495"
    },
    "producten": [
      {
        "productnaam": "Adobe InDesign",
        "aantal": 3,
        "prijs_per_stuk_excl_btw": 438.64,
        "btw_per_stuk": 92.11
      },
      {
        "productnaam": "Adobe InDesign",
        "aantal": 4,
        "prijs_per_stuk_excl_btw": 340.33,
        "btw_per_stuk": 71.47
      },
      {
        "productnaam": "Adobe InDesign",
        "aantal": 1,
        "prijs_per_stuk_excl_btw": 229.88,
        "btw_per_stuk": 48.27
      }
    ]
  }
}