{
  "order": {
    "ordernummer": "2001-786",
    "orderdatum": "28-10-2023",
    "betaaltermijn": "90-dagen",
    "klant": {
      "naam": "PC Jupiter B.V.",
      "adres": "Kerkstraat 228",
      "postcode": "9077 AC",
      "stad": "Amsterdam",
      "KVK-nummer": "42382361"
    },
    "producten": [
      {
        "productnaam": "Microsoft Windows Server 2019",
        "aantal": 3,
        "prijs_per_stuk_excl_btw": 377.06,
        "btw_per_stuk": 79.18
      },
      {
        "productnaam": "Oracle VirtualBox",
        "aantal": 3,
        "prijs_per_stuk_excl_btw": 469.1,
        "btw_per_stuk": 98.51
      },
      {
        "productnaam": "Oracle Solaris",
        "aantal": 2,
        "prijs_per_stuk_excl_btw": 201.94,
        "btw_per_stuk": 42.41
      },
      {
        "productnaam": "Oracle WebLogic Server",
        "aantal": 4,
        "prijs_per_stuk_excl_btw": 89.1,
        "btw_per_stuk": 18.71
      }
    ]
  }
}