{
  "order": {
    "ordernummer": "2001-401",
    "orderdatum": "24-04-2024",
    "betaaltermijn": "30-dagen",
    "klant": {
      "naam": "PC Saturnus B.V.",
      "adres": "Hoofdstraat 936",
      "postcode": "7872 AB",
      "stad": "Rotterdam",
      "KVK-nummer": "77120467"
    },
    "producten": [
      {
        "productnaam": "Google Webservices",
        "aantal": 4,
        "prijs_per_stuk_excl_btw": 478.33,
        "btw_per_stuk": 100.45
      },
      {
        "productnaam": "Adobe Illustrator",
        "aantal": 2,
        "prijs_per_stuk_excl_btw": 379.2,
        "btw_per_stuk": 79.63
      },
      {
        "productnaam": "Adobe Illustrator",
        "aantal": 2,
        "prijs_per_stuk_excl_btw": 284.07,
        "btw_per_stuk": 59.65
      }
    ]
  }
}