{
  "order": {
    "ordernummer": "2001-387",
    "orderdatum": "28-08-2021",
    "betaaltermijn": "90-dagen",
    "klant": {
      "naam": "PC Jupiter B.V.",
      "adres": "Kerkstraat 723",
      "postcode": "4310 AC",
      "stad": "Rotterdam",
      "KVK-nummer": "98031564"
    },
    "producten": [
      {
        "productnaam": "Google Workspace",
        "aantal": 2,
        "prijs_per_stuk_excl_btw": 232.73,
        "btw_percentage": 21.0
      },
      {
        "productnaam": "Microsoft Windows Server 2019",
        "aantal": 4,
        "prijs_per_stuk_excl_btw": 345.4,
        "btw_percentage": 21.0
      },
      {
        "productnaam": "Adobe Illustrator",
        "aantal": 5,
        "prijs_per_stuk_excl_btw": 209.85,
        "btw_percentage": 21.0
      },
      {
        "productnaam": "Oracle VirtualBox",
        "aantal": 5,
        "prijs_per_stuk_excl_btw": 459.97,
        "btw_percentage": 21.0
      },
      {
        "productnaam": "Microsoft Visual Studio 2019",
        "aantal": 2,
        "prijs_per_stuk_excl_btw": 296.97,
        "btw_percentage": 21.0
      },
      {
        "productnaam": "Adobe Illustrator",
        "aantal": 4,
        "prijs_per_stuk_excl_btw": 254.65,
        "btw_percentage": 21.0
      },
      {
        "productnaam": "Oracle Java SE",
        "aantal": 4,
        "prijs_per_stuk_excl_btw": 218.08,
        "btw_percentage": 21.0
      },
      {
        "productnaam": "Oracle VM",
        "aantal": 3,
        "prijs_per_stuk_excl_btw": 25.26,
        "btw_percentage": 21.0
      },
      {
        "productnaam": "Adobe Premiere Pro",
        "aantal": 1,
        "prijs_per_stuk_excl_btw": 305.64,
        "btw_percentage": 21.0
      },
      {
        "productnaam": "Microsoft Power BI",
        "aantal": 4,
        "prijs_per_stuk_excl_btw": 11.91,
        "btw_percentage": 21.0
      },
      {
        "productnaam": "Oracle VM",
        "aantal": 5,
        "prijs_per_stuk_excl_btw": 242.61,
        "btw_percentage": 21.0
      },
      {
        "productnaam": "Adobe Illustrator",
        "aantal": 2,
        "prijs_per_stuk_excl_btw": 288.74,
        "btw_percentage": 21.0
      },
      {
        "productnaam": "Microsoft Dynamics 365",
        "aantal": 1,
        "prijs_per_stuk_excl_btw": 394.29,
        "btw_percentage": 21.0
      },
      {
        "productnaam": "Oracle WebLogic Server",
        "aantal": 4,
        "prijs_per_stuk_excl_btw": 333.94,
        "btw_percentage": 21.0
      },
      {
        "productnaam": "GitHub",
        "aantal": 5,
        "prijs_per_stuk_excl_btw": 36.61,
        "btw_percentage": 21.0
      },
      {
        "productnaam": "Oracle Solaris",
        "aantal": 4,
        "prijs_per_stuk_excl_btw": 153.0,
        "btw_percentage": 21.0
      }
    ]
  }
}