{
  "order": {
    "ordernummer": "2001-718",
    "orderdatum": "03-02-2023",
    "betaaltermijn": "60-dagen",
    "klant": {
      "naam": "PC Saturnus B.V.",
      "adres": "Kerkstraat 792",
      "postcode": "4673 AB",
      "stad": "Rotterdam",
      "KVK-nummer": "11217899"
    },
    "producten": [
      {
        "productnaam": "Oracle Database 19c",
        "aantal": 5,
        "prijs_per_stuk_excl_btw": 314.51,
        "btw_per_stuk": 66.05
      },
      {
        "productnaam": "Adobe Premiere Pro",
        "aantal": 2,
        "prijs_per_stuk_excl_btw": 102.73,
        "btw_per_stuk": 21.57
      },
      {
        "productnaam": "Oracle Solaris",
        "aantal": 4,
        "prijs_per_stuk_excl_btw": 242.71,
        "btw_per_stuk": 50.97
      }
    ]
  }
}