{
  "order": {
    "ordernummer": "2001-598",
    "orderdatum": "15-09-2022",
    "betaaltermijn": "30-dagen",
    "klant": {
      "naam": "PC Mercurius B.V.",
      "adres": "Kerkstraat 614",
      "postcode": "7968 AB",
      "stad": "Rotterdam",
      "KVK-nummer": "65943990"
    },
    "producten": [
      {
        "productnaam": "Microsoft Dynamics 365",
        "aantal": 4,
        "prijs_per_stuk_excl_btw": 470.05,
        "btw_percentage": 21.0
      },
      {
        "productnaam": "Google Ads",
        "aantal": 2,
        "prijs_per_stuk_excl_btw": 43.14,
        "btw_percentage": 21.0
      },
      {
        "productnaam": "Google Ads",
        "aantal": 2,
        "prijs_per_stuk_excl_btw": 399.15,
        "btw_percentage": 21.0
      },
      {
        "productnaam": "GitHub",
        "aantal": 4,
        "prijs_per_stuk_excl_btw": 133.71,
        "btw_percentage": 21.0
      },
      {
        "productnaam": "Microsoft Visual Studio 2019",
        "aantal": 3,
        "prijs_per_stuk_excl_btw": 491.05,
        "btw_percentage": 21.0
      },
      {
        "productnaam": "Oracle Database 19c",
        "aantal": 2,
        "prijs_per_stuk_excl_btw": 396.67,
        "btw_percentage": 21.0
      },
      {
        "productnaam": "Microsoft SQL Server 2019",
        "aantal": 2,
        "prijs_per_stuk_excl_btw": 100.36,
        "btw_percentage": 21.0
      },
      {
        "productnaam": "Oracle Java SE",
        "aantal": 1,
        "prijs_per_stuk_excl_btw": 230.84,
        "btw_percentage": 21.0
      },
      {
        "productnaam": "Adobe Photoshop",
        "aantal": 5,
        "prijs_per_stuk_excl_btw": 28.13,
        "btw_percentage": 21.0
      },
      {
        "productnaam": "Oracle Database 19c",
        "aantal": 2,
        "prijs_per_stuk_excl_btw": 364.41,
        "btw_percentage": 21.0
      },
      {
        "productnaam": "Google Webservices",
        "aantal": 1,
        "prijs_per_stuk_excl_btw": 421.1,
        "btw_percentage": 21.0
      },
      {
        "productnaam": "Microsoft Office 365",
        "aantal": 5,
        "prijs_per_stuk_excl_btw": 411.76,
        "btw_percentage": 21.0
      },
      {
        "productnaam": "Google Cloud Platform",
        "aantal": 5,
        "prijs_per_stuk_excl_btw": 396.11,
        "btw_percentage": 21.0
      },
      {
        "productnaam": "Google Workspace",
        "aantal": 4,
        "prijs_per_stuk_excl_btw": 448.86,
        "btw_percentage": 21.0
      },
      {
        "productnaam": "Oracle Database 19c",
        "aantal": 1,
        "prijs_per_stuk_excl_btw": 367.25,
        "btw_percentage": 21.0
      },
      {
        "productnaam": "Oracle Cloud",
        "aantal": 1,
        "prijs_per_stuk_excl_btw": 448.3,
        "btw_percentage": 21.0
      },
      {
        "productnaam": "Google Workspace",
        "aantal": 1,
        "prijs_per_stuk_excl_btw": 157.04,
        "btw_percentage": 21.0
      },
      {
        "productnaam": "Oracle VM",
        "aantal": 3,
        "prijs_per_stuk_excl_btw": 480.67,
        "btw_percentage": 21.0
      },
      {
        "productnaam": "Microsoft Dynamics 365",
        "aantal": 5,
        "prijs_per_stuk_excl_btw": 259.2,
        "btw_percentage": 21.0
      }
    ]
  }
}