{
  "order": {
    "ordernummer": "2001-067",
    "orderdatum": "11-05-2023",
    "betaaltermijn": "30-dagen",
    "klant": {
      "naam": "PC Sputnik B.V.",
      "adres": "Schoolstraat 60",
      "postcode": "2598 AC",
      "stad": "Utrecht",
      "KVK-nummer": "84935857"
    },
    "producten": [
      {
        "productnaam": "Oracle MySQL",
        "aantal": 4,
        "prijs_per_stuk_excl_btw": 80.25,
        "btw_percentage": 21.0
      },
      {
        "productnaam": "Microsoft Windows 10",
        "aantal": 3,
        "prijs_per_stuk_excl_btw": 362.17,
        "btw_percentage": 21.0
      },
      {
        "productnaam": "Oracle Database 19c",
        "aantal": 5,
        "prijs_per_stuk_excl_btw": 103.52,
        "btw_percentage": 21.0
      }
    ]
  }
}