{
  "order": {
    "ordernummer": "2001-552",
    "orderdatum": "14-02-2020",
    "betaaltermijn": "90-dagen",
    "klant": {
      "naam": "PC Saturnus B.V.",
      "adres": "Schoolstraat 685",
      "postcode": "1673 AB",
      "stad": "Amsterdam",
      "KVK-nummer": "81252180"
    },
    "producten": [
      {
        "productnaam": "Microsoft Dynamics 365",
        "aantal": 1,
        "prijs_per_stuk_excl_btw": 284.99,
        "btw_percentage": 21.0
      },
      {
        "productnaam": "Oracle Database 19c",
        "aantal": 3,
        "prijs_per_stuk_excl_btw": 39.27,
        "btw_percentage": 21.0
      },
      {
        "productnaam": "Microsoft Dynamics 365",
        "aantal": 5,
        "prijs_per_stuk_excl_btw": 234.71,
        "btw_percentage": 21.0
      },
      {
        "productnaam": "Google Analytics",
        "aantal": 5,
        "prijs_per_stuk_excl_btw": 183.67,
        "btw_percentage": 21.0
      },
      {
        "productnaam": "Oracle VirtualBox",
        "aantal": 4,
        "prijs_per_stuk_excl_btw": 334.29,
        "btw_percentage": 21.0
      },
      {
        "productnaam": "Microsoft Dynamics 365",
        "aantal": 3,
        "prijs_per_stuk_excl_btw": 280.67,
        "btw_percentage": 21.0
      },
      {
        "productnaam": "Microsoft Windows 10",
        "aantal": 2,
        "prijs_per_stuk_excl_btw": 153.28,
        "btw_percentage": 21.0
      },
      {
        "productnaam": "Microsoft Visual Studio 2019",
        "aantal": 3,
        "prijs_per_stuk_excl_btw": 453.84,
        "btw_percentage": 21.0
      },
      {
        "productnaam": "Google Analytics",
        "aantal": 1,
        "prijs_per_stuk_excl_btw": 206.08,
        "btw_percentage": 21.0
      },
      {
        "productnaam": "Microsoft Office 365",
        "aantal": 1,
        "prijs_per_stuk_excl_btw": 400.71,
        "btw_percentage": 21.0
      },
      {
        "productnaam": "Oracle MySQL",
        "aantal": 3,
        "prijs_per_stuk_excl_btw": 296.66,
        "btw_percentage": 21.0
      },
      {
        "productnaam": "Google Analytics",
        "aantal": 3,
        "prijs_per_stuk_excl_btw": 194.8,
        "btw_percentage": 21.0
      },
      {
        "productnaam": "Microsoft Power BI",
        "aantal": 5,
        "prijs_per_stuk_excl_btw": 125.18,
        "btw_percentage": 21.0
      },
      {
        "productnaam": "Microsoft Visual Studio 2019",
        "aantal": 1,
        "prijs_per_stuk_excl_btw": 339.88,
        "btw_percentage": 21.0
      },
      {
        "productnaam": "Microsoft SQL Server 2019",
        "aantal": 5,
        "prijs_per_stuk_excl_btw": 28.01,
        "btw_percentage": 21.0
      },
      {
        "productnaam": "Oracle VirtualBox",
        "aantal": 1,
        "prijs_per_stuk_excl_btw": 415.61,
        "btw_percentage": 21.0
      },
      {
        "productnaam": "Oracle Solaris",
        "aantal": 1,
        "prijs_per_stuk_excl_btw": 466.1,
        "btw_percentage": 21.0
      },
      {
        "productnaam": "Oracle Database 19c",
        "aantal": 1,
        "prijs_per_stuk_excl_btw": 127.79,
        "btw_percentage": 21.0
      }
    ]
  }
}