{
  "order": {
    "ordernummer": "2001-937",
    "orderdatum": "28-08-2020",
    "betaaltermijn": "90-dagen",
    "klant": {
      "naam": "PC Saturnus B.V.",
      "adres": "Hoofdstraat 637",
      "postcode": "3622 AC",
      "stad": "Utrecht",
      "KVK-nummer": "36124211"
    },
    "producten": [
      {
        "productnaam": "Microsoft Windows Server 2019",
        "aantal": 3,
        "prijs_per_stuk_excl_btw": 229.05,
        "btw_percentage": 21.0
      },
      {
        "productnaam": "Oracle WebLogic Server",
        "aantal": 2,
        "prijs_per_stuk_excl_btw": 358.74,
        "btw_percentage": 21.0
      }
    ]
  }
}