{
  "order": {
    "ordernummer": "2001-897",
    "orderdatum": "16-08-2023",
    "betaaltermijn": "60-dagen",
    "klant": {
      "naam": "PC Jupiter B.V.",
      "adres": "Kerkstraat 745",
      "postcode": "3620 AA",
      "stad": "Rotterdam",
      "KVK-nummer": "66594656"
    },
    "producten": [
      {
        "productnaam": "Google Webservices",
        "aantal": 4,
        "prijs_per_stuk_excl_btw": 20.17,
        "btw_per_stuk": 4.24
      },
      {
        "productnaam": "Oracle Cloud",
        "aantal": 4,
        "prijs_per_stuk_excl_btw": 36.91,
        "btw_per_stuk": 7.75
      },
      {
        "productnaam": "Google Analytics",
        "aantal": 3,
        "prijs_per_stuk_excl_btw": 405.6,
        "btw_per_stuk": 85.18
      }
    ]
  }
}