{
  "order": {
    "ordernummer": "2001-157",
    "orderdatum": "08-01-2024",
    "betaaltermijn": "30-dagen",
    "klant": {
      "naam": "PC Saturnus B.V.",
      "adres": "Schoolstraat 394",
      "postcode": "8545 AC",
      "stad": "Rotterdam",
      "KVK-nummer": "11369858"
    },
    "producten": [
      {
        "productnaam": "Oracle Cloud",
        "aantal": 3,
        "prijs_per_stuk_excl_btw": 146.22,
        "btw_per_stuk": 30.71
      },
      {
        "productnaam": "Microsoft Office 365",
        "aantal": 2,
        "prijs_per_stuk_excl_btw": 325.01,
        "btw_per_stuk": 68.25
      },
      {
        "productnaam": "Google Webservices",
        "aantal": 1,
        "prijs_per_stuk_excl_btw": 142.19,
        "btw_per_stuk": 29.86
      },
      {
        "productnaam": "Adobe Premiere Pro",
        "aantal": 4,
        "prijs_per_stuk_excl_btw": 165.48,
        "btw_per_stuk": 34.75
      }
    ]
  }
}