{
  "order": {
    "ordernummer": "2001-851",
    "orderdatum": "14-02-2022",
    "betaaltermijn": "60-dagen",
    "klant": {
      "naam": "PC Sputnik B.V.",
      "adres": "Schoolstraat 448",
      "postcode": "8807 AC",
      "stad": "Rotterdam",
      "KVK-nummer": "38698193"
    },
    "producten": [
      {
        "productnaam": "Oracle VirtualBox",
        "aantal": 4,
        "prijs_per_stuk_excl_btw": 391.32,
        "btw_percentage": 21.0
      },
      {
        "productnaam": "Microsoft Visual Studio 2019",
        "aantal": 2,
        "prijs_per_stuk_excl_btw": 169.3,
        "btw_percentage": 21.0
      },
      {
        "productnaam": "Google Analytics",
        "aantal": 3,
        "prijs_per_stuk_excl_btw": 220.06,
        "btw_percentage": 21.0
      }
    ]
  }
}