{
  "order": {
    "ordernummer": "2001-195",
    "orderdatum": "17-08-2022",
    "betaaltermijn": "90-dagen",
    "klant": {
      "naam": "PC Jupiter B.V.",
      "adres": "Schoolstraat 920",
      "postcode": "4441 AC",
      "stad": "Amsterdam",
      "KVK-nummer": "83182659"
    },
    "producten": [
      {
        "productnaam": "Microsoft Visual Studio 2019",
        "aantal": 3,
        "prijs_per_stuk_excl_btw": 366.86,
        "btw_per_stuk": 77.04
      },
      {
        "productnaam": "Google Ads",
        "aantal": 5,
        "prijs_per_stuk_excl_btw": 439.84,
        "btw_per_stuk": 92.37
      },
      {
        "productnaam": "Adobe Photoshop",
        "aantal": 5,
        "prijs_per_stuk_excl_btw": 72.84,
        "btw_per_stuk": 15.3
      },
      {
        "productnaam": "Oracle MySQL",
        "aantal": 1,
        "prijs_per_stuk_excl_btw": 220.12,
        "btw_per_stuk": 46.23
      },
      {
        "productnaam": "Oracle VM",
        "aantal": 3,
        "prijs_per_stuk_excl_btw": 289.61,
        "btw_per_stuk": 60.82
      }
    ]
  }
}