{
  "order": {
    "ordernummer": "2001-095",
    "orderdatum": "06-04-2024",
    "betaaltermijn": "90-dagen",
    "klant": {
      "naam": "PC Neptunus B.V.",
      "adres": "Schoolstraat 631",
      "postcode": "1081 AB",
      "stad": "Amsterdam",
      "KVK-nummer": "12212291"
    },
    "producten": [
      {
        "productnaam": "Microsoft Azure",
        "aantal": 1,
        "prijs_per_stuk_excl_btw": 231.14,
        "btw_percentage": 21.0
      },
      {
        "productnaam": "Microsoft SQL Server 2019",
        "aantal": 5,
        "prijs_per_stuk_excl_btw": 158.01,
        "btw_percentage": 21.0
      },
      {
        "productnaam": "Microsoft Windows 10",
        "aantal": 1,
        "prijs_per_stuk_excl_btw": 229.19,
        "btw_percentage": 21.0
      }
    ]
  }
}