{
  "order": {
    "ordernummer": "2001-880",
    "orderdatum": "01-12-2023",
    "betaaltermijn": "60-dagen",
    "klant": {
      "naam": "PC Jupiter B.V.",
      "adres": "Kerkstraat 403",
      "postcode": "4383 AC",
      "stad": "Rotterdam",
      "KVK-nummer": "65348738"
    },
    "producten": [
      {
        "productnaam": "GitHub",
        "aantal": 1,
        "prijs_per_stuk_excl_btw": 126.54,
        "btw_per_stuk": 26.57
      },
      {
        "productnaam": "Oracle WebLogic Server",
        "aantal": 2,
        "prijs_per_stuk_excl_btw": 240.85,
        "btw_per_stuk": 50.58
      },
      {
        "productnaam": "Microsoft Office 365",
        "aantal": 4,
        "prijs_per_stuk_excl_btw": 397.33,
        "btw_per_stuk": 83.44
      }
    ]
  }
}