{
  "order": {
    "ordernummer": "2001-352",
    "orderdatum": "01-08-2020",
    "betaaltermijn": "30-dagen",
    "klant": {
      "naam": "PC Mercurius B.V.",
      "adres": "Schoolstraat 653",
      "postcode": "4386 AA",
      "stad": "Amsterdam",
      "KVK-nummer": "26504713"
    },
    "producten": [
      {
        "productnaam": "Oracle Cloud",
        "aantal": 5,
        "prijs_per_stuk_excl_btw": 99.95,
        "btw_percentage": 21.0
      },
      {
        "productnaam": "Adobe InDesign",
        "aantal": 4,
        "prijs_per_stuk_excl_btw": 286.39,
        "btw_percentage": 21.0
      },
      {
        "productnaam": "Adobe InDesign",
        "aantal": 1,
        "prijs_per_stuk_excl_btw": 125.5,
        "btw_percentage": 21.0
      }
    ]
  }
}