{
  "order": {
    "ordernummer": "2001-162",
    "orderdatum": "22-07-2020",
    "betaaltermijn": "60-dagen",
    "klant": {
      "naam": "PC Neptunus B.V.",
      "adres": "Schoolstraat 167",
      "postcode": "6802 AA",
      "stad": "Amsterdam",
      "KVK-nummer": "79419009"
    },
    "producten": [
      {
        "productnaam": "Microsoft Visual Studio 2019",
        "aantal": 4,
        "prijs_per_stuk_excl_btw": 322.09,
        "btw_percentage": 21.0
      },
      {
        "productnaam": "Oracle Java SE",
        "aantal": 2,
        "prijs_per_stuk_excl_btw": 119.16,
        "btw_percentage": 21.0
      },
      {
        "productnaam": "Google Webservices",
        "aantal": 1,
        "prijs_per_stuk_excl_btw": 304.56,
        "btw_percentage": 21.0
      },
      {
        "productnaam": "Oracle VirtualBox",
        "aantal": 2,
        "prijs_per_stuk_excl_btw": 244.07,
        "btw_percentage": 21.0
      },
      {
        "productnaam": "Oracle Java SE",
        "aantal": 1,
        "prijs_per_stuk_excl_btw": 43.98,
        "btw_percentage": 21.0
      },
      {
        "productnaam": "Oracle VM",
        "aantal": 2,
        "prijs_per_stuk_excl_btw": 45.47,
        "btw_percentage": 21.0
      },
      {
        "productnaam": "Google Analytics",
        "aantal": 1,
        "prijs_per_stuk_excl_btw": 161.27,
        "btw_percentage": 21.0
      },
      {
        "productnaam": "Oracle Java SE",
        "aantal": 2,
        "prijs_per_stuk_excl_btw": 469.18,
        "btw_percentage": 21.0
      },
      {
        "productnaam": "Adobe Photoshop",
        "aantal": 5,
        "prijs_per_stuk_excl_btw": 350.13,
        "btw_percentage": 21.0
      },
      {
        "productnaam": "Oracle WebLogic Server",
        "aantal": 3,
        "prijs_per_stuk_excl_btw": 221.62,
        "btw_percentage": 21.0
      },
      {
        "productnaam": "Microsoft Visual Studio 2019",
        "aantal": 4,
        "prijs_per_stuk_excl_btw": 395.0,
        "btw_percentage": 21.0
      },
      {
        "productnaam": "Oracle VM",
        "aantal": 4,
        "prijs_per_stuk_excl_btw": 426.45,
        "btw_percentage": 21.0
      },
      {
        "productnaam": "Adobe Creative Cloud",
        "aantal": 4,
        "prijs_per_stuk_excl_btw": 322.34,
        "btw_percentage": 21.0
      },
      {
        "productnaam": "Google Ads",
        "aantal": 2,
        "prijs_per_stuk_excl_btw": 444.27,
        "btw_percentage": 21.0
      },
      {
        "productnaam": "Microsoft Visual Studio 2019",
        "aantal": 2,
        "prijs_per_stuk_excl_btw": 242.3,
        "btw_percentage": 21.0
      },
      {
        "productnaam": "Microsoft Windows Server 2019",
        "aantal": 3,
        "prijs_per_stuk_excl_btw": 330.98,
        "btw_percentage": 21.0
      },
      {
        "productnaam": "Microsoft Windows Server 2019",
        "aantal": 3,
        "prijs_per_stuk_excl_btw": 124.01,
        "btw_percentage": 21.0
      }
    ]
  }
}