{
  "order": {
    "ordernummer": "2001-521",
    "orderdatum": "15-07-2024",
    "betaaltermijn": "30-dagen",
    "klant": {
      "naam": "PC Jupiter B.V.",
      "adres": "Kerkstraat 316",
      "postcode": "8555 AB",
      "stad": "Utrecht",
      "KVK-nummer": "45162533"
    },
    "producten": [
      {
        "productnaam": "Microsoft Office 365",
        "aantal": 4,
        "prijs_per_stuk_excl_btw": 121.06,
        "btw_percentage": 21.0
      },
      {
        "productnaam": "Oracle VirtualBox",
        "aantal": 2,
        "prijs_per_stuk_excl_btw": 191.3,
        "btw_percentage": 21.0
      },
      {
        "productnaam": "Oracle VM",
        "aantal": 2,
        "prijs_per_stuk_excl_btw": 215.13,
        "btw_percentage": 21.0
      }
    ]
  }
}