{
  "order": {
    "ordernummer": "2001-512",
    "orderdatum": "10-07-2024",
    "betaaltermijn": "60-dagen",
    "klant": {
      "naam": "PC Saturnus B.V.",
      "adres": "Kerkstraat 928",
      "postcode": "9825 AB",
      "stad": "Utrecht",
      "KVK-nummer": "71796906"
    },
    "producten": [
      {
        "productnaam": "Adobe Creative Cloud",
        "aantal": 5,
        "prijs_per_stuk_excl_btw": 244.02,
        "btw_percentage": 21.0
      },
      {
        "productnaam": "Oracle MySQL",
        "aantal": 1,
        "prijs_per_stuk_excl_btw": 176.28,
        "btw_percentage": 21.0
      },
      {
        "productnaam": "Microsoft Visual Studio 2019",
        "aantal": 4,
        "prijs_per_stuk_excl_btw": 184.48,
        "btw_percentage": 21.0
      },
      {
        "productnaam": "Adobe Premiere Pro",
        "aantal": 2,
        "prijs_per_stuk_excl_btw": 314.13,
        "btw_percentage": 21.0
      },
      {
        "productnaam": "Google Webservices",
        "aantal": 3,
        "prijs_per_stuk_excl_btw": 60.99,
        "btw_percentage": 21.0
      },
      {
        "productnaam": "Oracle Solaris",
        "aantal": 2,
        "prijs_per_stuk_excl_btw": 388.52,
        "btw_percentage": 21.0
      },
      {
        "productnaam": "Google Workspace",
        "aantal": 3,
        "prijs_per_stuk_excl_btw": 296.37,
        "btw_percentage": 21.0
      },
      {
        "productnaam": "Adobe Photoshop",
        "aantal": 5,
        "prijs_per_stuk_excl_btw": 193.57,
        "btw_percentage": 21.0
      },
      {
        "productnaam": "Google Analytics",
        "aantal": 3,
        "prijs_per_stuk_excl_btw": 479.4,
        "btw_percentage": 21.0
      },
      {
        "productnaam": "Microsoft Dynamics 365",
        "aantal": 1,
        "prijs_per_stuk_excl_btw": 44.13,
        "btw_percentage": 21.0
      },
      {
        "productnaam": "Microsoft Dynamics 365",
        "aantal": 4,
        "prijs_per_stuk_excl_btw": 407.43,
        "btw_percentage": 21.0
      },
      {
        "productnaam": "Microsoft Azure",
        "aantal": 3,
        "prijs_per_stuk_excl_btw": 142.95,
        "btw_percentage": 21.0
      },
      {
        "productnaam": "Adobe Illustrator",
        "aantal": 5,
        "prijs_per_stuk_excl_btw": 14.77,
        "btw_percentage": 21.0
      },
      {
        "productnaam": "Google Ads",
        "aantal": 4,
        "prijs_per_stuk_excl_btw": 360.57,
        "btw_percentage": 21.0
      },
      {
        "productnaam": "Adobe InDesign",
        "aantal": 1,
        "prijs_per_stuk_excl_btw": 312.3,
        "btw_percentage": 21.0
      },
      {
        "productnaam": "Google Webservices",
        "aantal": 4,
        "prijs_per_stuk_excl_btw": 313.18,
        "btw_percentage": 21.0
      },
      {
        "productnaam": "Adobe Illustrator",
        "aantal": 3,
        "prijs_per_stuk_excl_btw": 288.88,
        "btw_percentage": 21.0
      },
      {
        "productnaam": "Microsoft Visual Studio 2019",
        "aantal": 5,
        "prijs_per_stuk_excl_btw": 356.39,
        "btw_percentage": 21.0
      }
    ]
  }
}