{
  "order": {
    "ordernummer": "2001-080",
    "orderdatum": "24-02-2022",
    "betaaltermijn": "30-dagen",
    "klant": {
      "naam": "PC Saturnus B.V.",
      "adres": "Kerkstraat 433",
      "postcode": "2814 AB",
      "stad": "Amsterdam",
      "KVK-nummer": "25368110"
    },
    "producten": [
      {
        "productnaam": "Microsoft Visual Studio 2019",
        "aantal": 3,
        "prijs_per_stuk_excl_btw": 338.34,
        "btw_percentage": 21.0
      },
      {
        "productnaam": "Oracle WebLogic Server",
        "aantal": 4,
        "prijs_per_stuk_excl_btw": 306.59,
        "btw_percentage": 21.0
      },
      {
        "productnaam": "Microsoft Dynamics 365",
        "aantal": 4,
        "prijs_per_stuk_excl_btw": 359.19,
        "btw_percentage": 21.0
      },
      {
        "productnaam": "Oracle MySQL",
        "aantal": 3,
        "prijs_per_stuk_excl_btw": 39.09,
        "btw_percentage": 21.0
      },
      {
        "productnaam": "Oracle WebLogic Server",
        "aantal": 2,
        "prijs_per_stuk_excl_btw": 152.17,
        "btw_percentage": 21.0
      },
      {
        "productnaam": "Oracle MySQL",
        "aantal": 3,
        "prijs_per_stuk_excl_btw": 120.1,
        "btw_percentage": 21.0
      },
      {
        "productnaam": "Oracle VirtualBox",
        "aantal": 5,
        "prijs_per_stuk_excl_btw": 474.82,
        "btw_percentage": 21.0
      },
      {
        "productnaam": "Oracle VirtualBox",
        "aantal": 3,
        "prijs_per_stuk_excl_btw": 38.65,
        "btw_percentage": 21.0
      }
    ]
  }
}