{
  "order": {
    "ordernummer": "2001-620",
    "orderdatum": "14-03-2022",
    "betaaltermijn": "90-dagen",
    "klant": {
      "naam": "PC Aarde B.V.",
      "adres": "Hoofdstraat 462",
      "postcode": "6459 AC",
      "stad": "Utrecht",
      "KVK-nummer": "17796999"
    },
    "producten": [
      {
        "productnaam": "Oracle Solaris",
        "aantal": 2,
        "prijs_per_stuk_excl_btw": 406.42,
        "btw_percentage": 21.0
      },
      {
        "productnaam": "Oracle Cloud",
        "aantal": 5,
        "prijs_per_stuk_excl_btw": 52.88,
        "btw_percentage": 21.0
      }
    ]
  }
}