{
  "order": {
    "ordernummer": "2001-940",
    "orderdatum": "07-06-2023",
    "betaaltermijn": "60-dagen",
    "klant": {
      "naam": "PC Saturnus B.V.",
      "adres": "Schoolstraat 111",
      "postcode": "8038 AB",
      "stad": "Amsterdam",
      "KVK-nummer": "70375023"
    },
    "producten": [
      {
        "productnaam": "Oracle Database 19c",
        "aantal": 2,
        "prijs_per_stuk_excl_btw": 57.6,
        "btw_per_stuk": 12.1
      },
      {
        "productnaam": "GitHub",
        "aantal": 2,
        "prijs_per_stuk_excl_btw": 117.83,
        "btw_per_stuk": 24.74
      }
    ]
  }
}