{
  "order": {
    "ordernummer": "2001-660",
    "orderdatum": "16-06-2024",
    "betaaltermijn": "90-dagen",
    "klant": {
      "naam": "PC Jupiter B.V.",
      "adres": "Kerkstraat 710",
      "postcode": "8734 AC",
      "stad": "Amsterdam",
      "KVK-nummer": "88121055"
    },
    "producten": [
      {
        "productnaam": "Microsoft Power BI",
        "aantal": 5,
        "prijs_per_stuk_excl_btw": 200.54,
        "btw_percentage": 21.0
      },
      {
        "productnaam": "GitHub",
        "aantal": 1,
        "prijs_per_stuk_excl_btw": 291.12,
        "btw_percentage": 21.0
      },
      {
        "productnaam": "Google Analytics",
        "aantal": 2,
        "prijs_per_stuk_excl_btw": 385.18,
        "btw_percentage": 21.0
      },
      {
        "productnaam": "Oracle Cloud",
        "aantal": 3,
        "prijs_per_stuk_excl_btw": 151.36,
        "btw_percentage": 21.0
      },
      {
        "productnaam": "Microsoft Visual Studio 2019",
        "aantal": 2,
        "prijs_per_stuk_excl_btw": 343.64,
        "btw_percentage": 21.0
      },
      {
        "productnaam": "Oracle VM",
        "aantal": 1,
        "prijs_per_stuk_excl_btw": 453.74,
        "btw_percentage": 21.0
      },
      {
        "productnaam": "Adobe Photoshop",
        "aantal": 5,
        "prijs_per_stuk_excl_btw": 10.6,
        "btw_percentage": 21.0
      },
      {
        "productnaam": "GitHub",
        "aantal": 4,
        "prijs_per_stuk_excl_btw": 307.85,
        "btw_percentage": 21.0
      },
      {
        "productnaam": "Microsoft Windows Server 2019",
        "aantal": 3,
        "prijs_per_stuk_excl_btw": 248.45,
        "btw_percentage": 21.0
      },
      {
        "productnaam": "Microsoft SQL Server 2019",
        "aantal": 4,
        "prijs_per_stuk_excl_btw": 224.0,
        "btw_percentage": 21.0
      },
      {
        "productnaam": "Google Ads",
        "aantal": 1,
        "prijs_per_stuk_excl_btw": 466.1,
        "btw_percentage": 21.0
      },
      {
        "productnaam": "Microsoft Windows 10",
        "aantal": 5,
        "prijs_per_stuk_excl_btw": 242.17,
        "btw_percentage": 21.0
      },
      {
        "productnaam": "Oracle Database 19c",
        "aantal": 5,
        "prijs_per_stuk_excl_btw": 218.91,
        "btw_percentage": 21.0
      },
      {
        "productnaam": "Google Workspace",
        "aantal": 4,
        "prijs_per_stuk_excl_btw": 216.4,
        "btw_percentage": 21.0
      },
      {
        "productnaam": "Oracle WebLogic Server",
        "aantal": 4,
        "prijs_per_stuk_excl_btw": 287.62,
        "btw_percentage": 21.0
      },
      {
        "productnaam": "Google Cloud Platform",
        "aantal": 5,
        "prijs_per_stuk_excl_btw": 12.14,
        "btw_percentage": 21.0
      },
      {
        "productnaam": "Google Ads",
        "aantal": 4,
        "prijs_per_stuk_excl_btw": 258.46,
        "btw_percentage": 21.0
      },
      {
        "productnaam": "Google Cloud Platform",
        "aantal": 5,
        "prijs_per_stuk_excl_btw": 402.02,
        "btw_percentage": 21.0
      },
      {
        "productnaam": "Oracle Java SE",
        "aantal": 3,
        "prijs_per_stuk_excl_btw": 336.18,
        "btw_percentage": 21.0
      }
    ]
  }
}