{
  "order": {
    "ordernummer": "2001-644",
    "orderdatum": "17-03-2022",
    "betaaltermijn": "30-dagen",
    "klant": {
      "naam": "PC Neptunus B.V.",
      "adres": "Kerkstraat 363",
      "postcode": "8822 AC",
      "stad": "Utrecht",
      "KVK-nummer": "67192365"
    },
    "producten": [
      {
        "productnaam": "Google Ads",
        "aantal": 4,
        "prijs_per_stuk_excl_btw": 233.23,
        "btw_percentage": 21.0
      },
      {
        "productnaam": "Adobe InDesign",
        "aantal": 4,
        "prijs_per_stuk_excl_btw": 348.21,
        "btw_percentage": 21.0
      },
      {
        "productnaam": "Google Cloud Platform",
        "aantal": 4,
        "prijs_per_stuk_excl_btw": 238.05,
        "btw_percentage": 21.0
      },
      {
        "productnaam": "Adobe Illustrator",
        "aantal": 2,
        "prijs_per_stuk_excl_btw": 199.66,
        "btw_percentage": 21.0
      },
      {
        "productnaam": "Microsoft Dynamics 365",
        "aantal": 5,
        "prijs_per_stuk_excl_btw": 52.72,
        "btw_percentage": 21.0
      },
      {
        "productnaam": "Oracle Java SE",
        "aantal": 2,
        "prijs_per_stuk_excl_btw": 227.32,
        "btw_percentage": 21.0
      },
      {
        "productnaam": "Google Analytics",
        "aantal": 2,
        "prijs_per_stuk_excl_btw": 381.75,
        "btw_percentage": 21.0
      },
      {
        "productnaam": "Adobe Creative Cloud",
        "aantal": 3,
        "prijs_per_stuk_excl_btw": 217.0,
        "btw_percentage": 21.0
      },
      {
        "productnaam": "Google Webservices",
        "aantal": 4,
        "prijs_per_stuk_excl_btw": 459.48,
        "btw_percentage": 21.0
      },
      {
        "productnaam": "Oracle VirtualBox",
        "aantal": 3,
        "prijs_per_stuk_excl_btw": 203.31,
        "btw_percentage": 21.0
      },
      {
        "productnaam": "Adobe InDesign",
        "aantal": 5,
        "prijs_per_stuk_excl_btw": 71.66,
        "btw_percentage": 21.0
      },
      {
        "productnaam": "Microsoft SQL Server 2019",
        "aantal": 4,
        "prijs_per_stuk_excl_btw": 142.59,
        "btw_percentage": 21.0
      },
      {
        "productnaam": "Oracle WebLogic Server",
        "aantal": 2,
        "prijs_per_stuk_excl_btw": 325.76,
        "btw_percentage": 21.0
      },
      {
        "productnaam": "Google Cloud Platform",
        "aantal": 2,
        "prijs_per_stuk_excl_btw": 188.1,
        "btw_percentage": 21.0
      },
      {
        "productnaam": "Oracle Java SE",
        "aantal": 4,
        "prijs_per_stuk_excl_btw": 297.71,
        "btw_percentage": 21.0
      },
      {
        "productnaam": "GitHub",
        "aantal": 5,
        "prijs_per_stuk_excl_btw": 405.65,
        "btw_percentage": 21.0
      },
      {
        "productnaam": "Microsoft Visual Studio 2019",
        "aantal": 2,
        "prijs_per_stuk_excl_btw": 323.94,
        "btw_percentage": 21.0
      }
    ]
  }
}