{
  "order": {
    "ordernummer": "2002-663",
    "orderdatum": "08-12-2024",
    "betaaltermijn": "30-dagen",
    "klant": {
      "naam": "PC Jupiter B.V.",
      "adres": "Schoolstraat 931",
      "postcode": "9837 AA",
      "stad": "Amsterdam",
      "KVK-nummer": "79095723"
    },
    "producten": [
      {
        "productnaam": "Oracle Cloud",
        "aantal": 3,
        "prijs_per_stuk_excl_btw": 334.73,
        "btw_percentage": 21.0
      },
      {
        "productnaam": "Oracle Solaris",
        "aantal": 3,
        "prijs_per_stuk_excl_btw": 221.24,
        "btw_percentage": 21.0
      },
      {
        "productnaam": "Microsoft Dynamics 365",
        "aantal": 2,
        "prijs_per_stuk_excl_btw": 390.19,
        "btw_percentage": 21.0
      },
      {
        "productnaam": "GitHub",
        "aantal": 2,
        "prijs_per_stuk_excl_btw": 41.87,
        "btw_percentage": 21.0
      },
      {
        "productnaam": "Google Workspace",
        "aantal": 5,
        "prijs_per_stuk_excl_btw": 191.95,
        "btw_percentage": 21.0
      },
      {
        "productnaam": "Microsoft Windows 10",
        "aantal": 3,
        "prijs_per_stuk_excl_btw": 111.49,
        "btw_percentage": 21.0
      },
      {
        "productnaam": "Google Ads",
        "aantal": 5,
        "prijs_per_stuk_excl_btw": 482.26,
        "btw_percentage": 21.0
      },
      {
        "productnaam": "Microsoft Visual Studio 2019",
        "aantal": 4,
        "prijs_per_stuk_excl_btw": 28.22,
        "btw_percentage": 21.0
      }
    ]
  }
}