{
  "order": {
    "ordernummer": "2002-105",
    "orderdatum": "12-05-2022",
    "betaaltermijn": "30-dagen",
    "klant": {
      "naam": "PC Mercurius B.V.",
      "adres": "Hoofdstraat 9",
      "postcode": "6600 AA",
      "stad": "Amsterdam",
      "KVK-nummer": "67664875"
    },
    "producten": [
      {
        "productnaam": "Adobe Premiere Pro",
        "aantal": 2,
        "prijs_per_stuk_excl_btw": 234.13,
        "btw_percentage": 21.0
      },
      {
        "productnaam": "Oracle Cloud",
        "aantal": 3,
        "prijs_per_stuk_excl_btw": 225.46,
        "btw_percentage": 21.0
      },
      {
        "productnaam": "Adobe Creative Cloud",
        "aantal": 1,
        "prijs_per_stuk_excl_btw": 329.92,
        "btw_percentage": 21.0
      },
      {
        "productnaam": "Google Analytics",
        "aantal": 4,
        "prijs_per_stuk_excl_btw": 264.18,
        "btw_percentage": 21.0
      },
      {
        "productnaam": "Microsoft Visual Studio 2019",
        "aantal": 1,
        "prijs_per_stuk_excl_btw": 315.76,
        "btw_percentage": 21.0
      },
      {
        "productnaam": "Oracle Cloud",
        "aantal": 3,
        "prijs_per_stuk_excl_btw": 149.34,
        "btw_percentage": 21.0
      },
      {
        "productnaam": "GitHub",
        "aantal": 5,
        "prijs_per_stuk_excl_btw": 34.74,
        "btw_percentage": 21.0
      },
      {
        "productnaam": "Google Webservices",
        "aantal": 3,
        "prijs_per_stuk_excl_btw": 186.97,
        "btw_percentage": 21.0
      },
      {
        "productnaam": "Google Ads",
        "aantal": 3,
        "prijs_per_stuk_excl_btw": 448.17,
        "btw_percentage": 21.0
      },
      {
        "productnaam": "Google Ads",
        "aantal": 3,
        "prijs_per_stuk_excl_btw": 489.96,
        "btw_percentage": 21.0
      },
      {
        "productnaam": "Microsoft Azure",
        "aantal": 2,
        "prijs_per_stuk_excl_btw": 176.05,
        "btw_percentage": 21.0
      }
    ]
  }
}