{
  "order": {
    "ordernummer": "2002-965",
    "orderdatum": "25-03-2023",
    "betaaltermijn": "90-dagen",
    "klant": {
      "naam": "PC Aarde B.V.",
      "adres": "Schoolstraat 811",
      "postcode": "8035 AC",
      "stad": "Rotterdam",
      "KVK-nummer": "63075929"
    },
    "producten": [
      {
        "productnaam": "Microsoft Windows Server 2019",
        "aantal": 3,
        "prijs_per_stuk_excl_btw": 131.63,
        "btw_percentage": 21.0
      },
      {
        "productnaam": "Microsoft Windows 10",
        "aantal": 5,
        "prijs_per_stuk_excl_btw": 265.02,
        "btw_percentage": 21.0
      },
      {
        "productnaam": "Google Ads",
        "aantal": 5,
        "prijs_per_stuk_excl_btw": 153.96,
        "btw_percentage": 21.0
      },
      {
        "productnaam": "Oracle Cloud",
        "aantal": 4,
        "prijs_per_stuk_excl_btw": 136.84,
        "btw_percentage": 21.0
      },
      {
        "productnaam": "Oracle Solaris",
        "aantal": 4,
        "prijs_per_stuk_excl_btw": 232.47,
        "btw_percentage": 21.0
      },
      {
        "productnaam": "Adobe Photoshop",
        "aantal": 4,
        "prijs_per_stuk_excl_btw": 414.88,
        "btw_percentage": 21.0
      }
    ]
  }
}