{
  "order": {
    "ordernummer": "2002-184",
    "orderdatum": "11-12-2024",
    "betaaltermijn": "30-dagen",
    "klant": {
      "naam": "PC Mercurius B.V.",
      "adres": "Kerkstraat 170",
      "postcode": "3972 AC",
      "stad": "Utrecht",
      "KVK-nummer": "46960411"
    },
    "producten": [
      {
        "productnaam": "Google Cloud Platform",
        "aantal": 4,
        "prijs_per_stuk_excl_btw": 23.41,
        "btw_percentage": 21.0
      },
      {
        "productnaam": "GitHub",
        "aantal": 4,
        "prijs_per_stuk_excl_btw": 388.38,
        "btw_percentage": 21.0
      },
      {
        "productnaam": "Google Webservices",
        "aantal": 1,
        "prijs_per_stuk_excl_btw": 421.5,
        "btw_percentage": 21.0
      },
      {
        "productnaam": "Microsoft Windows Server 2019",
        "aantal": 3,
        "prijs_per_stuk_excl_btw": 458.19,
        "btw_percentage": 21.0
      },
      {
        "productnaam": "Oracle Database 19c",
        "aantal": 2,
        "prijs_per_stuk_excl_btw": 361.77,
        "btw_percentage": 21.0
      },
      {
        "productnaam": "Google Analytics",
        "aantal": 2,
        "prijs_per_stuk_excl_btw": 140.12,
        "btw_percentage": 21.0
      },
      {
        "productnaam": "Microsoft Dynamics 365",
        "aantal": 5,
        "prijs_per_stuk_excl_btw": 117.47,
        "btw_percentage": 21.0
      },
      {
        "productnaam": "Google Analytics",
        "aantal": 1,
        "prijs_per_stuk_excl_btw": 191.18,
        "btw_percentage": 21.0
      },
      {
        "productnaam": "Oracle VirtualBox",
        "aantal": 5,
        "prijs_per_stuk_excl_btw": 328.04,
        "btw_percentage": 21.0
      },
      {
        "productnaam": "Oracle VirtualBox",
        "aantal": 4,
        "prijs_per_stuk_excl_btw": 111.58,
        "btw_percentage": 21.0
      },
      {
        "productnaam": "Microsoft SQL Server 2019",
        "aantal": 5,
        "prijs_per_stuk_excl_btw": 235.63,
        "btw_percentage": 21.0
      },
      {
        "productnaam": "Microsoft Windows Server 2019",
        "aantal": 1,
        "prijs_per_stuk_excl_btw": 153.09,
        "btw_percentage": 21.0
      },
      {
        "productnaam": "Oracle Java SE",
        "aantal": 1,
        "prijs_per_stuk_excl_btw": 485.95,
        "btw_percentage": 21.0
      },
      {
        "productnaam": "Adobe Photoshop",
        "aantal": 1,
        "prijs_per_stuk_excl_btw": 485.41,
        "btw_percentage": 21.0
      },
      {
        "productnaam": "Adobe Photoshop",
        "aantal": 1,
        "prijs_per_stuk_excl_btw": 470.03,
        "btw_percentage": 21.0
      },
      {
        "productnaam": "Oracle Database 19c",
        "aantal": 5,
        "prijs_per_stuk_excl_btw": 414.02,
        "btw_percentage": 21.0
      },
      {
        "productnaam": "Oracle VirtualBox",
        "aantal": 4,
        "prijs_per_stuk_excl_btw": 433.28,
        "btw_percentage": 21.0
      }
    ]
  }
}