{
  "order": {
    "ordernummer": "2002-848",
    "orderdatum": "08-09-2022",
    "betaaltermijn": "90-dagen",
    "klant": {
      "naam": "PC Sputnik B.V.",
      "adres": "Kerkstraat 340",
      "postcode": "3782 AC",
      "stad": "Rotterdam",
      "KVK-nummer": "47128749"
    },
    "producten": [
      {
        "productnaam": "Microsoft Office 365",
        "aantal": 2,
        "prijs_per_stuk_excl_btw": 445.37,
        "btw_percentage": 21.0
      },
      {
        "productnaam": "Oracle Java SE",
        "aantal": 4,
        "prijs_per_stuk_excl_btw": 140.0,
        "btw_percentage": 21.0
      },
      {
        "productnaam": "Adobe Photoshop",
        "aantal": 3,
        "prijs_per_stuk_excl_btw": 477.75,
        "btw_percentage": 21.0
      },
      {
        "productnaam": "Google Webservices",
        "aantal": 2,
        "prijs_per_stuk_excl_btw": 360.54,
        "btw_percentage": 21.0
      },
      {
        "productnaam": "Microsoft Windows 10",
        "aantal": 4,
        "prijs_per_stuk_excl_btw": 283.65,
        "btw_percentage": 21.0
      },
      {
        "productnaam": "Microsoft Office 365",
        "aantal": 1,
        "prijs_per_stuk_excl_btw": 313.53,
        "btw_percentage": 21.0
      },
      {
        "productnaam": "Microsoft Windows Server 2019",
        "aantal": 1,
        "prijs_per_stuk_excl_btw": 370.14,
        "btw_percentage": 21.0
      },
      {
        "productnaam": "Google Workspace",
        "aantal": 5,
        "prijs_per_stuk_excl_btw": 335.02,
        "btw_percentage": 21.0
      },
      {
        "productnaam": "Microsoft Windows Server 2019",
        "aantal": 3,
        "prijs_per_stuk_excl_btw": 184.25,
        "btw_percentage": 21.0
      },
      {
        "productnaam": "Google Workspace",
        "aantal": 1,
        "prijs_per_stuk_excl_btw": 371.18,
        "btw_percentage": 21.0
      },
      {
        "productnaam": "Oracle Solaris",
        "aantal": 3,
        "prijs_per_stuk_excl_btw": 401.07,
        "btw_percentage": 21.0
      },
      {
        "productnaam": "Adobe Premiere Pro",
        "aantal": 4,
        "prijs_per_stuk_excl_btw": 150.21,
        "btw_percentage": 21.0
      }
    ]
  }
}