{
  "order": {
    "ordernummer": "2002-773",
    "orderdatum": "23-10-2021",
    "betaaltermijn": "30-dagen",
    "klant": {
      "naam": "PC Jupiter B.V.",
      "adres": "Schoolstraat 304",
      "postcode": "7828 AA",
      "stad": "Utrecht",
      "KVK-nummer": "31464918"
    },
    "producten": [
      {
        "productnaam": "Google Ads",
        "aantal": 5,
        "prijs_per_stuk_excl_btw": 78.46,
        "btw_percentage": 21.0
      },
      {
        "productnaam": "Microsoft SQL Server 2019",
        "aantal": 4,
        "prijs_per_stuk_excl_btw": 254.5,
        "btw_percentage": 21.0
      },
      {
        "productnaam": "Adobe Photoshop",
        "aantal": 2,
        "prijs_per_stuk_excl_btw": 26.58,
        "btw_percentage": 21.0
      },
      {
        "productnaam": "Adobe InDesign",
        "aantal": 5,
        "prijs_per_stuk_excl_btw": 219.91,
        "btw_percentage": 21.0
      },
      {
        "productnaam": "Oracle Cloud",
        "aantal": 4,
        "prijs_per_stuk_excl_btw": 122.95,
        "btw_percentage": 21.0
      },
      {
        "productnaam": "Microsoft SQL Server 2019",
        "aantal": 3,
        "prijs_per_stuk_excl_btw": 170.83,
        "btw_percentage": 21.0
      },
      {
        "productnaam": "Oracle Cloud",
        "aantal": 2,
        "prijs_per_stuk_excl_btw": 110.55,
        "btw_percentage": 21.0
      },
      {
        "productnaam": "Oracle VirtualBox",
        "aantal": 4,
        "prijs_per_stuk_excl_btw": 143.42,
        "btw_percentage": 21.0
      }
    ]
  }
}