{
  "order": {
    "ordernummer": "2002-813",
    "orderdatum": "05-01-2021",
    "betaaltermijn": "30-dagen",
    "klant": {
      "naam": "PC Jupiter B.V.",
      "adres": "Hoofdstraat 320",
      "postcode": "1269 AA",
      "stad": "Amsterdam",
      "KVK-nummer": "61694384"
    },
    "producten": [
      {
        "productnaam": "Microsoft Visual Studio 2019",
        "aantal": 4,
        "prijs_per_stuk_excl_btw": 52.52,
        "btw_percentage": 21.0
      },
      {
        "productnaam": "Adobe Creative Cloud",
        "aantal": 1,
        "prijs_per_stuk_excl_btw": 177.69,
        "btw_percentage": 21.0
      }
    ]
  }
}