{
  "order": {
    "ordernummer": "2002-484",
    "orderdatum": "23-11-2023",
    "betaaltermijn": "60-dagen",
    "klant": {
      "naam": "PC Jupiter B.V.",
      "adres": "Hoofdstraat 928",
      "postcode": "8289 AA",
      "stad": "Rotterdam",
      "KVK-nummer": "51796784"
    },
    "producten": [
      {
        "productnaam": "Google Analytics",
        "aantal": 1,
        "prijs_per_stuk_excl_btw": 401.34,
        "btw_per_stuk": 84.28
      },
      {
        "productnaam": "Microsoft Visual Studio 2019",
        "aantal": 2,
        "prijs_per_stuk_excl_btw": 32.06,
        "btw_per_stuk": 6.73
      }
    ]
  }
}