{
  "order": {
    "ordernummer": "2002-625",
    "orderdatum": "19-08-2022",
    "betaaltermijn": "30-dagen",
    "klant": {
      "naam": "PC Jupiter B.V.",
      "adres": "Schoolstraat 241",
      "postcode": "8324 AA",
      "stad": "Rotterdam",
      "KVK-nummer": "63001417"
    },
    "producten": [
      {
        "productnaam": "Google Ads",
        "aantal": 3,
        "prijs_per_stuk_excl_btw": 388.88,
        "btw_per_stuk": 81.66
      },
      {
        "productnaam": "Adobe Creative Cloud",
        "aantal": 2,
        "prijs_per_stuk_excl_btw": 30.3,
        "btw_per_stuk": 6.36
      },
      {
        "productnaam": "Google Cloud Platform",
        "aantal": 5,
        "prijs_per_stuk_excl_btw": 184.56,
        "btw_per_stuk": 38.76
      }
    ]
  }
}