{
  "order": {
    "ordernummer": "2002-350",
    "orderdatum": "23-12-2024",
    "betaaltermijn": "30-dagen",
    "klant": {
      "naam": "PC Neptunus B.V.",
      "adres": "Hoofdstraat 471",
      "postcode": "1448 AA",
      "stad": "Amsterdam",
      "KVK-nummer": "94191324"
    },
    "producten": [
      {
        "productnaam": "Google Webservices",
        "aantal": 5,
        "prijs_per_stuk_excl_btw": 291.02,
        "btw_percentage": 21.0
      },
      {
        "productnaam": "GitHub",
        "aantal": 2,
        "prijs_per_stuk_excl_btw": 431.41,
        "btw_percentage": 21.0
      },
      {
        "productnaam": "Microsoft Visual Studio 2019",
        "aantal": 4,
        "prijs_per_stuk_excl_btw": 320.49,
        "btw_percentage": 21.0
      }
    ]
  }
}