{
  "order": {
    "ordernummer": "2002-647",
    "orderdatum": "07-07-2024",
    "betaaltermijn": "60-dagen",
    "klant": {
      "naam": "PC Sputnik B.V.",
      "adres": "Schoolstraat 879",
      "postcode": "1731 AC",
      "stad": "Rotterdam",
      "KVK-nummer": "23137622"
    },
    "producten": [
      {
        "productnaam": "Adobe Creative Cloud",
        "aantal": 4,
        "prijs_per_stuk_excl_btw": 69.67,
        "btw_percentage": 21.0
      },
      {
        "productnaam": "Microsoft Visual Studio 2019",
        "aantal": 5,
        "prijs_per_stuk_excl_btw": 433.14,
        "btw_percentage": 21.0
      }
    ]
  }
}