{
  "order": {
    "ordernummer": "2002-600",
    "orderdatum": "27-05-2021",
    "betaaltermijn": "60-dagen",
    "klant": {
      "naam": "PC Jupiter B.V.",
      "adres": "Kerkstraat 351",
      "postcode": "2945 AA",
      "stad": "Utrecht",
      "KVK-nummer": "27349989"
    },
    "producten": [
      {
        "productnaam": "Oracle Cloud",
        "aantal": 2,
        "prijs_per_stuk_excl_btw": 36.86,
        "btw_per_stuk": 7.74
      },
      {
        "productnaam": "Microsoft Power BI",
        "aantal": 3,
        "prijs_per_stuk_excl_btw": 130.38,
        "btw_per_stuk": 27.38
      },
      {
        "productnaam": "Oracle MySQL",
        "aantal": 5,
        "prijs_per_stuk_excl_btw": 212.65,
        "btw_per_stuk": 44.66
      },
      {
        "productnaam": "Adobe Illustrator",
        "aantal": 4,
        "prijs_per_stuk_excl_btw": 249.81,
        "btw_per_stuk": 52.46
      },
      {
        "productnaam": "Oracle VM",
        "aantal": 1,
        "prijs_per_stuk_excl_btw": 168.04,
        "btw_per_stuk": 35.29
      }
    ]
  }
}