{
  "order": {
    "ordernummer": "2002-009",
    "orderdatum": "23-05-2024",
    "betaaltermijn": "90-dagen",
    "klant": {
      "naam": "PC Neptunus B.V.",
      "adres": "Hoofdstraat 996",
      "postcode": "2742 AC",
      "stad": "Utrecht",
      "KVK-nummer": "57916349"
    },
    "producten": [
      {
        "productnaam": "Microsoft Office 365",
        "aantal": 3,
        "prijs_per_stuk_excl_btw": 134.74,
        "btw_percentage": 21.0
      },
      {
        "productnaam": "Adobe Premiere Pro",
        "aantal": 1,
        "prijs_per_stuk_excl_btw": 361.38,
        "btw_percentage": 21.0
      },
      {
        "productnaam": "Microsoft Visual Studio 2019",
        "aantal": 5,
        "prijs_per_stuk_excl_btw": 314.41,
        "btw_percentage": 21.0
      },
      {
        "productnaam": "Google Webservices",
        "aantal": 4,
        "prijs_per_stuk_excl_btw": 473.31,
        "btw_percentage": 21.0
      },
      {
        "productnaam": "Oracle Database 19c",
        "aantal": 1,
        "prijs_per_stuk_excl_btw": 415.55,
        "btw_percentage": 21.0
      },
      {
        "productnaam": "Oracle MySQL",
        "aantal": 5,
        "prijs_per_stuk_excl_btw": 208.43,
        "btw_percentage": 21.0
      },
      {
        "productnaam": "Oracle MySQL",
        "aantal": 4,
        "prijs_per_stuk_excl_btw": 487.88,
        "btw_percentage": 21.0
      }
    ]
  }
}