{
  "order": {
    "ordernummer": "2002-498",
    "orderdatum": "08-04-2022",
    "betaaltermijn": "60-dagen",
    "klant": {
      "naam": "PC Jupiter B.V.",
      "adres": "Kerkstraat 318",
      "postcode": "6546 AB",
      "stad": "Amsterdam",
      "KVK-nummer": "21738475"
    },
    "producten": [
      {
        "productnaam": "Microsoft Windows Server 2019",
        "aantal": 1,
        "prijs_per_stuk_excl_btw": 404.15,
        "btw_per_stuk": 84.87
      },
      {
        "productnaam": "Microsoft Dynamics 365",
        "aantal": 2,
        "prijs_per_stuk_excl_btw": 347.87,
        "btw_per_stuk": 73.05
      },
      {
        "productnaam": "Microsoft Windows 10",
        "aantal": 1,
        "prijs_per_stuk_excl_btw": 240.16,
        "btw_per_stuk": 50.43
      },
      {
        "productnaam": "Oracle Cloud",
        "aantal": 5,
        "prijs_per_stuk_excl_btw": 115.53,
        "btw_per_stuk": 24.26
      },
      {
        "productnaam": "Oracle Solaris",
        "aantal": 2,
        "prijs_per_stuk_excl_btw": 301.38,
        "btw_per_stuk": 63.29
      }
    ]
  }
}