{
  "order": {
    "ordernummer": "2002-849",
    "orderdatum": "14-05-2023",
    "betaaltermijn": "30-dagen",
    "klant": {
      "naam": "PC Sputnik B.V.",
      "adres": "Hoofdstraat 879",
      "postcode": "9732 AB",
      "stad": "Rotterdam",
      "KVK-nummer": "33547036"
    },
    "producten": [
      {
        "productnaam": "Microsoft Visual Studio 2019",
        "aantal": 1,
        "prijs_per_stuk_excl_btw": 418.94,
        "btw_per_stuk": 87.98
      },
      {
        "productnaam": "Adobe Illustrator",
        "aantal": 2,
        "prijs_per_stuk_excl_btw": 39.99,
        "btw_per_stuk": 8.4
      },
      {
        "productnaam": "Adobe Photoshop",
        "aantal": 4,
        "prijs_per_stuk_excl_btw": 179.21,
        "btw_per_stuk": 37.63
      }
    ]
  }
}