{
  "order": {
    "ordernummer": "2002-670",
    "orderdatum": "15-06-2023",
    "betaaltermijn": "60-dagen",
    "klant": {
      "naam": "PC Jupiter B.V.",
      "adres": "Hoofdstraat 585",
      "postcode": "9345 AB",
      "stad": "Utrecht",
      "KVK-nummer": "17275789"
    },
    "producten": [
      {
        "productnaam": "Microsoft Azure",
        "aantal": 5,
        "prijs_per_stuk_excl_btw": 247.9,
        "btw_percentage": 21.0
      },
      {
        "productnaam": "Google Ads",
        "aantal": 2,
        "prijs_per_stuk_excl_btw": 476.1,
        "btw_percentage": 21.0
      },
      {
        "productnaam": "Microsoft Visual Studio 2019",
        "aantal": 2,
        "prijs_per_stuk_excl_btw": 416.48,
        "btw_percentage": 21.0
      },
      {
        "productnaam": "Adobe Creative Cloud",
        "aantal": 2,
        "prijs_per_stuk_excl_btw": 89.99,
        "btw_percentage": 21.0
      },
      {
        "productnaam": "Oracle VM",
        "aantal": 2,
        "prijs_per_stuk_excl_btw": 342.36,
        "btw_percentage": 21.0
      },
      {
        "productnaam": "Microsoft Dynamics 365",
        "aantal": 5,
        "prijs_per_stuk_excl_btw": 482.21,
        "btw_percentage": 21.0
      },
      {
        "productnaam": "Microsoft SQL Server 2019",
        "aantal": 1,
        "prijs_per_stuk_excl_btw": 304.01,
        "btw_percentage": 21.0
      },
      {
        "productnaam": "Oracle MySQL",
        "aantal": 4,
        "prijs_per_stuk_excl_btw": 57.9,
        "btw_percentage": 21.0
      },
      {
        "productnaam": "Microsoft Windows 10",
        "aantal": 2,
        "prijs_per_stuk_excl_btw": 444.95,
        "btw_percentage": 21.0
      },
      {
        "productnaam": "Adobe InDesign",
        "aantal": 5,
        "prijs_per_stuk_excl_btw": 386.03,
        "btw_percentage": 21.0
      },
      {
        "productnaam": "GitHub",
        "aantal": 1,
        "prijs_per_stuk_excl_btw": 451.92,
        "btw_percentage": 21.0
      },
      {
        "productnaam": "Microsoft SQL Server 2019",
        "aantal": 4,
        "prijs_per_stuk_excl_btw": 357.71,
        "btw_percentage": 21.0
      }
    ]
  }
}