{
  "order": {
    "ordernummer": "2002-512",
    "orderdatum": "07-02-2024",
    "betaaltermijn": "30-dagen",
    "klant": {
      "naam": "PC Sputnik B.V.",
      "adres": "Hoofdstraat 78",
      "postcode": "8696 AC",
      "stad": "Amsterdam",
      "KVK-nummer": "48914480"
    },
    "producten": [
      {
        "productnaam": "Google Cloud Platform",
        "aantal": 1,
        "prijs_per_stuk_excl_btw": 206.07,
        "btw_percentage": 21.0
      },
      {
        "productnaam": "Adobe Creative Cloud",
        "aantal": 4,
        "prijs_per_stuk_excl_btw": 190.08,
        "btw_percentage": 21.0
      },
      {
        "productnaam": "Adobe Creative Cloud",
        "aantal": 4,
        "prijs_per_stuk_excl_btw": 428.09,
        "btw_percentage": 21.0
      },
      {
        "productnaam": "Google Ads",
        "aantal": 1,
        "prijs_per_stuk_excl_btw": 323.97,
        "btw_percentage": 21.0
      },
      {
        "productnaam": "Oracle VirtualBox",
        "aantal": 5,
        "prijs_per_stuk_excl_btw": 35.14,
        "btw_percentage": 21.0
      },
      {
        "productnaam": "Oracle VM",
        "aantal": 2,
        "prijs_per_stuk_excl_btw": 102.83,
        "btw_percentage": 21.0
      },
      {
        "productnaam": "Adobe Premiere Pro",
        "aantal": 5,
        "prijs_per_stuk_excl_btw": 168.11,
        "btw_percentage": 21.0
      },
      {
        "productnaam": "Oracle VM",
        "aantal": 3,
        "prijs_per_stuk_excl_btw": 465.91,
        "btw_percentage": 21.0
      },
      {
        "productnaam": "Microsoft Windows 10",
        "aantal": 5,
        "prijs_per_stuk_excl_btw": 17.64,
        "btw_percentage": 21.0
      },
      {
        "productnaam": "Oracle VM",
        "aantal": 5,
        "prijs_per_stuk_excl_btw": 439.3,
        "btw_percentage": 21.0
      },
      {
        "productnaam": "Google Cloud Platform",
        "aantal": 5,
        "prijs_per_stuk_excl_btw": 296.09,
        "btw_percentage": 21.0
      },
      {
        "productnaam": "Google Webservices",
        "aantal": 3,
        "prijs_per_stuk_excl_btw": 469.34,
        "btw_percentage": 21.0
      },
      {
        "productnaam": "Google Cloud Platform",
        "aantal": 3,
        "prijs_per_stuk_excl_btw": 114.07,
        "btw_percentage": 21.0
      },
      {
        "productnaam": "Adobe Photoshop",
        "aantal": 3,
        "prijs_per_stuk_excl_btw": 388.11,
        "btw_percentage": 21.0
      },
      {
        "productnaam": "Microsoft SQL Server 2019",
        "aantal": 2,
        "prijs_per_stuk_excl_btw": 404.69,
        "btw_percentage": 21.0
      },
      {
        "productnaam": "Microsoft Windows Server 2019",
        "aantal": 2,
        "prijs_per_stuk_excl_btw": 382.69,
        "btw_percentage": 21.0
      },
      {
        "productnaam": "Adobe Illustrator",
        "aantal": 1,
        "prijs_per_stuk_excl_btw": 393.61,
        "btw_percentage": 21.0
      },
      {
        "productnaam": "Google Analytics",
        "aantal": 4,
        "prijs_per_stuk_excl_btw": 211.62,
        "btw_percentage": 21.0
      },
      {
        "productnaam": "Oracle Java SE",
        "aantal": 1,
        "prijs_per_stuk_excl_btw": 75.4,
        "btw_percentage": 21.0
      }
    ]
  }
}