{
  "order": {
    "ordernummer": "2002-243",
    "orderdatum": "21-04-2024",
    "betaaltermijn": "60-dagen",
    "klant": {
      "naam": "PC Saturnus B.V.",
      "adres": "Schoolstraat 235",
      "postcode": "2471 AB",
      "stad": "Amsterdam",
      "KVK-nummer": "92819381"
    },
    "producten": [
      {
        "productnaam": "Microsoft Windows Server 2019",
        "aantal": 4,
        "prijs_per_stuk_excl_btw": 248.92,
        "btw_percentage": 21.0
      },
      {
        "productnaam": "Microsoft SQL Server 2019",
        "aantal": 3,
        "prijs_per_stuk_excl_btw": 496.02,
        "btw_percentage": 21.0
      },
      {
        "productnaam": "Google Cloud Platform",
        "aantal": 5,
        "prijs_per_stuk_excl_btw": 398.28,
        "btw_percentage": 21.0
      },
      {
        "productnaam": "Oracle WebLogic Server",
        "aantal": 4,
        "prijs_per_stuk_excl_btw": 75.29,
        "btw_percentage": 21.0
      },
      {
        "productnaam": "Microsoft Azure",
        "aantal": 5,
        "prijs_per_stuk_excl_btw": 91.76,
        "btw_percentage": 21.0
      },
      {
        "productnaam": "Oracle VirtualBox",
        "aantal": 5,
        "prijs_per_stuk_excl_btw": 163.71,
        "btw_percentage": 21.0
      },
      {
        "productnaam": "Microsoft Office 365",
        "aantal": 2,
        "prijs_per_stuk_excl_btw": 255.18,
        "btw_percentage": 21.0
      },
      {
        "productnaam": "Oracle Database 19c",
        "aantal": 2,
        "prijs_per_stuk_excl_btw": 289.38,
        "btw_percentage": 21.0
      },
      {
        "productnaam": "Oracle Cloud",
        "aantal": 5,
        "prijs_per_stuk_excl_btw": 32.2,
        "btw_percentage": 21.0
      }
    ]
  }
}