{
  "order": {
    "ordernummer": "2002-417",
    "orderdatum": "04-04-2024",
    "betaaltermijn": "30-dagen",
    "klant": {
      "naam": "PC Jupiter B.V.",
      "adres": "Hoofdstraat 131",
      "postcode": "9603 AB",
      "stad": "Utrecht",
      "KVK-nummer": "43867923"
    },
    "producten": [
      {
        "productnaam": "Microsoft Dynamics 365",
        "aantal": 3,
        "prijs_per_stuk_excl_btw": 328.16,
        "btw_percentage": 21.0
      },
      {
        "productnaam": "Adobe Photoshop",
        "aantal": 5,
        "prijs_per_stuk_excl_btw": 498.46,
        "btw_percentage": 21.0
      },
      {
        "productnaam": "Google Cloud Platform",
        "aantal": 5,
        "prijs_per_stuk_excl_btw": 214.13,
        "btw_percentage": 21.0
      },
      {
        "productnaam": "Microsoft Visual Studio 2019",
        "aantal": 3,
        "prijs_per_stuk_excl_btw": 307.87,
        "btw_percentage": 21.0
      }
    ]
  }
}