{
  "order": {
    "ordernummer": "2002-546",
    "orderdatum": "19-07-2024",
    "betaaltermijn": "90-dagen",
    "klant": {
      "naam": "PC Neptunus B.V.",
      "adres": "Schoolstraat 476",
      "postcode": "2052 AA",
      "stad": "Amsterdam",
      "KVK-nummer": "21389288"
    },
    "producten": [
      {
        "productnaam": "Adobe Illustrator",
        "aantal": 5,
        "prijs_per_stuk_excl_btw": 328.16,
        "btw_percentage": 21.0
      },
      {
        "productnaam": "Microsoft SQL Server 2019",
        "aantal": 5,
        "prijs_per_stuk_excl_btw": 433.33,
        "btw_percentage": 21.0
      },
      {
        "productnaam": "Adobe InDesign",
        "aantal": 1,
        "prijs_per_stuk_excl_btw": 494.77,
        "btw_percentage": 21.0
      },
      {
        "productnaam": "Microsoft Visual Studio 2019",
        "aantal": 4,
        "prijs_per_stuk_excl_btw": 497.36,
        "btw_percentage": 21.0
      },
      {
        "productnaam": "Oracle Cloud",
        "aantal": 3,
        "prijs_per_stuk_excl_btw": 26.76,
        "btw_percentage": 21.0
      },
      {
        "productnaam": "Adobe Creative Cloud",
        "aantal": 1,
        "prijs_per_stuk_excl_btw": 470.66,
        "btw_percentage": 21.0
      },
      {
        "productnaam": "Google Webservices",
        "aantal": 5,
        "prijs_per_stuk_excl_btw": 395.96,
        "btw_percentage": 21.0
      },
      {
        "productnaam": "Adobe Illustrator",
        "aantal": 5,
        "prijs_per_stuk_excl_btw": 56.4,
        "btw_percentage": 21.0
      }
    ]
  }
}