{
  "order": {
    "ordernummer": "2002-807",
    "orderdatum": "11-01-2021",
    "betaaltermijn": "30-dagen",
    "klant": {
      "naam": "PC Saturnus B.V.",
      "adres": "Schoolstraat 339",
      "postcode": "7026 AB",
      "stad": "Utrecht",
      "KVK-nummer": "88499032"
    },
    "producten": [
      {
        "productnaam": "Microsoft Power BI",
        "aantal": 3,
        "prijs_per_stuk_excl_btw": 385.55,
        "btw_per_stuk": 80.97
      },
      {
        "productnaam": "Google Webservices",
        "aantal": 4,
        "prijs_per_stuk_excl_btw": 379.94,
        "btw_per_stuk": 79.79
      },
      {
        "productnaam": "Microsoft SQL Server 2019",
        "aantal": 1,
        "prijs_per_stuk_excl_btw": 289.05,
        "btw_per_stuk": 60.7
      },
      {
        "productnaam": "Microsoft Office 365",
        "aantal": 2,
        "prijs_per_stuk_excl_btw": 327.84,
        "btw_per_stuk": 68.85
      }
    ]
  }
}