{
  "order": {
    "ordernummer": "2002-837",
    "orderdatum": "18-06-2021",
    "betaaltermijn": "60-dagen",
    "klant": {
      "naam": "PC Neptunus B.V.",
      "adres": "Schoolstraat 882",
      "postcode": "1224 AA",
      "stad": "Rotterdam",
      "KVK-nummer": "44506971"
    },
    "producten": [
      {
        "productnaam": "Oracle WebLogic Server",
        "aantal": 5,
        "prijs_per_stuk_excl_btw": 44.48,
        "btw_percentage": 21.0
      },
      {
        "productnaam": "Microsoft Dynamics 365",
        "aantal": 4,
        "prijs_per_stuk_excl_btw": 316.16,
        "btw_percentage": 21.0
      },
      {
        "productnaam": "Oracle Cloud",
        "aantal": 5,
        "prijs_per_stuk_excl_btw": 421.14,
        "btw_percentage": 21.0
      }
    ]
  }
}