{
  "order": {
    "ordernummer": "2002-829",
    "orderdatum": "02-08-2020",
    "betaaltermijn": "90-dagen",
    "klant": {
      "naam": "PC Mercurius B.V.",
      "adres": "Schoolstraat 225",
      "postcode": "4600 AA",
      "stad": "Amsterdam",
      "KVK-nummer": "42896602"
    },
    "producten": [
      {
        "productnaam": "Microsoft Visual Studio 2019",
        "aantal": 5,
        "prijs_per_stuk_excl_btw": 224.07,
        "btw_percentage": 21.0
      },
      {
        "productnaam": "Adobe Illustrator",
        "aantal": 2,
        "prijs_per_stuk_excl_btw": 216.85,
        "btw_percentage": 21.0
      },
      {
        "productnaam": "Oracle MySQL",
        "aantal": 3,
        "prijs_per_stuk_excl_btw": 89.27,
        "btw_percentage": 21.0
      },
      {
        "productnaam": "Oracle Java SE",
        "aantal": 4,
        "prijs_per_stuk_excl_btw": 201.95,
        "btw_percentage": 21.0
      },
      {
        "productnaam": "Adobe InDesign",
        "aantal": 2,
        "prijs_per_stuk_excl_btw": 354.12,
        "btw_percentage": 21.0
      },
      {
        "productnaam": "Google Cloud Platform",
        "aantal": 3,
        "prijs_per_stuk_excl_btw": 12.27,
        "btw_percentage": 21.0
      },
      {
        "productnaam": "Adobe Illustrator",
        "aantal": 4,
        "prijs_per_stuk_excl_btw": 488.62,
        "btw_percentage": 21.0
      },
      {
        "productnaam": "Oracle Cloud",
        "aantal": 5,
        "prijs_per_stuk_excl_btw": 174.85,
        "btw_percentage": 21.0
      },
      {
        "productnaam": "Microsoft Azure",
        "aantal": 4,
        "prijs_per_stuk_excl_btw": 453.8,
        "btw_percentage": 21.0
      },
      {
        "productnaam": "Google Analytics",
        "aantal": 5,
        "prijs_per_stuk_excl_btw": 348.9,
        "btw_percentage": 21.0
      },
      {
        "productnaam": "Adobe InDesign",
        "aantal": 2,
        "prijs_per_stuk_excl_btw": 244.7,
        "btw_percentage": 21.0
      }
    ]
  }
}