{
  "order": {
    "ordernummer": "2002-683",
    "orderdatum": "23-08-2023",
    "betaaltermijn": "90-dagen",
    "klant": {
      "naam": "PC Mercurius B.V.",
      "adres": "Kerkstraat 579",
      "postcode": "9307 AA",
      "stad": "Rotterdam",
      "KVK-nummer": "68937459"
    },
    "producten": [
      {
        "productnaam": "Microsoft Power BI",
        "aantal": 1,
        "prijs_per_stuk_excl_btw": 294.31,
        "btw_percentage": 21.0
      },
      {
        "productnaam": "Oracle Database 19c",
        "aantal": 1,
        "prijs_per_stuk_excl_btw": 345.27,
        "btw_percentage": 21.0
      },
      {
        "productnaam": "Oracle VirtualBox",
        "aantal": 1,
        "prijs_per_stuk_excl_btw": 417.75,
        "btw_percentage": 21.0
      },
      {
        "productnaam": "Adobe InDesign",
        "aantal": 3,
        "prijs_per_stuk_excl_btw": 409.39,
        "btw_percentage": 21.0
      },
      {
        "productnaam": "Microsoft Power BI",
        "aantal": 3,
        "prijs_per_stuk_excl_btw": 389.96,
        "btw_percentage": 21.0
      },
      {
        "productnaam": "Microsoft Azure",
        "aantal": 5,
        "prijs_per_stuk_excl_btw": 132.07,
        "btw_percentage": 21.0
      },
      {
        "productnaam": "Oracle WebLogic Server",
        "aantal": 3,
        "prijs_per_stuk_excl_btw": 321.11,
        "btw_percentage": 21.0
      },
      {
        "productnaam": "Oracle VirtualBox",
        "aantal": 5,
        "prijs_per_stuk_excl_btw": 154.3,
        "btw_percentage": 21.0
      },
      {
        "productnaam": "Microsoft Power BI",
        "aantal": 2,
        "prijs_per_stuk_excl_btw": 172.85,
        "btw_percentage": 21.0
      },
      {
        "productnaam": "Adobe Creative Cloud",
        "aantal": 4,
        "prijs_per_stuk_excl_btw": 368.09,
        "btw_percentage": 21.0
      },
      {
        "productnaam": "Oracle VM",
        "aantal": 5,
        "prijs_per_stuk_excl_btw": 60.79,
        "btw_percentage": 21.0
      },
      {
        "productnaam": "Microsoft Power BI",
        "aantal": 3,
        "prijs_per_stuk_excl_btw": 302.16,
        "btw_percentage": 21.0
      },
      {
        "productnaam": "Google Workspace",
        "aantal": 5,
        "prijs_per_stuk_excl_btw": 454.06,
        "btw_percentage": 21.0
      },
      {
        "productnaam": "Microsoft Dynamics 365",
        "aantal": 3,
        "prijs_per_stuk_excl_btw": 390.99,
        "btw_percentage": 21.0
      },
      {
        "productnaam": "Google Workspace",
        "aantal": 1,
        "prijs_per_stuk_excl_btw": 148.1,
        "btw_percentage": 21.0
      },
      {
        "productnaam": "Google Ads",
        "aantal": 1,
        "prijs_per_stuk_excl_btw": 68.24,
        "btw_percentage": 21.0
      },
      {
        "productnaam": "Microsoft Office 365",
        "aantal": 5,
        "prijs_per_stuk_excl_btw": 92.53,
        "btw_percentage": 21.0
      },
      {
        "productnaam": "Adobe Creative Cloud",
        "aantal": 2,
        "prijs_per_stuk_excl_btw": 211.84,
        "btw_percentage": 21.0
      },
      {
        "productnaam": "Google Webservices",
        "aantal": 1,
        "prijs_per_stuk_excl_btw": 411.71,
        "btw_percentage": 21.0
      }
    ]
  }
}