{
  "order": {
    "ordernummer": "2002-532",
    "orderdatum": "22-03-2024",
    "betaaltermijn": "30-dagen",
    "klant": {
      "naam": "PC Sputnik B.V.",
      "adres": "Hoofdstraat 418",
      "postcode": "3947 AA",
      "stad": "Utrecht",
      "KVK-nummer": "51233897"
    },
    "producten": [
      {
        "productnaam": "Google Analytics",
        "aantal": 5,
        "prijs_per_stuk_excl_btw": 87.88,
        "btw_per_stuk": 18.45
      },
      {
        "productnaam": "Microsoft Dynamics 365",
        "aantal": 1,
        "prijs_per_stuk_excl_btw": 366.58,
        "btw_per_stuk": 76.98
      },
      {
        "productnaam": "Google Analytics",
        "aantal": 1,
        "prijs_per_stuk_excl_btw": 206.07,
        "btw_per_stuk": 43.27
      },
      {
        "productnaam": "Google Ads",
        "aantal": 4,
        "prijs_per_stuk_excl_btw": 267.38,
        "btw_per_stuk": 56.15
      }
    ]
  }
}