{
  "order": {
    "ordernummer": "2002-798",
    "orderdatum": "11-07-2020",
    "betaaltermijn": "30-dagen",
    "klant": {
      "naam": "PC Aarde B.V.",
      "adres": "Schoolstraat 505",
      "postcode": "7177 AA",
      "stad": "Utrecht",
      "KVK-nummer": "64707513"
    },
    "producten": [
      {
        "productnaam": "Google Ads",
        "aantal": 1,
        "prijs_per_stuk_excl_btw": 363.42,
        "btw_percentage": 21.0
      },
      {
        "productnaam": "Adobe Illustrator",
        "aantal": 4,
        "prijs_per_stuk_excl_btw": 26.91,
        "btw_percentage": 21.0
      },
      {
        "productnaam": "Microsoft Windows Server 2019",
        "aantal": 5,
        "prijs_per_stuk_excl_btw": 170.55,
        "btw_percentage": 21.0
      }
    ]
  }
}