{
  "order": {
    "ordernummer": "2002-747",
    "orderdatum": "13-01-2024",
    "betaaltermijn": "60-dagen",
    "klant": {
      "naam": "PC Sputnik B.V.",
      "adres": "Schoolstraat 799",
      "postcode": "6240 AC",
      "stad": "Utrecht",
      "KVK-nummer": "37254914"
    },
    "producten": [
      {
        "productnaam": "Microsoft SQL Server 2019",
        "aantal": 4,
        "prijs_per_stuk_excl_btw": 425.08,
        "btw_percentage": 21.0
      },
      {
        "productnaam": "Microsoft Power BI",
        "aantal": 3,
        "prijs_per_stuk_excl_btw": 193.43,
        "btw_percentage": 21.0
      },
      {
        "productnaam": "Google Cloud Platform",
        "aantal": 3,
        "prijs_per_stuk_excl_btw": 351.01,
        "btw_percentage": 21.0
      }
    ]
  }
}