{
  "order": {
    "ordernummer": "2002-982",
    "orderdatum": "28-12-2021",
    "betaaltermijn": "60-dagen",
    "klant": {
      "naam": "PC Sputnik B.V.",
      "adres": "Hoofdstraat 959",
      "postcode": "1805 AB",
      "stad": "Rotterdam",
      "KVK-nummer": "30959973"
    },
    "producten": [
      {
        "productnaam": "Microsoft Azure",
        "aantal": 1,
        "prijs_per_stuk_excl_btw": 312.85,
        "btw_per_stuk": 65.7
      },
      {
        "productnaam": "Adobe Creative Cloud",
        "aantal": 2,
        "prijs_per_stuk_excl_btw": 133.94,
        "btw_per_stuk": 28.13
      },
      {
        "productnaam": "Oracle VM",
        "aantal": 3,
        "prijs_per_stuk_excl_btw": 192.01,
        "btw_per_stuk": 40.32
      }
    ]
  }
}