{
  "order": {
    "ordernummer": "2002-479",
    "orderdatum": "10-04-2024",
    "betaaltermijn": "90-dagen",
    "klant": {
      "naam": "PC Jupiter B.V.",
      "adres": "Hoofdstraat 386",
      "postcode": "3749 AB",
      "stad": "Rotterdam",
      "KVK-nummer": "98499420"
    },
    "producten": [
      {
        "productnaam": "Microsoft Visual Studio 2019",
        "aantal": 3,
        "prijs_per_stuk_excl_btw": 52.3,
        "btw_per_stuk": 10.98
      },
      {
        "productnaam": "Adobe Creative Cloud",
        "aantal": 5,
        "prijs_per_stuk_excl_btw": 81.71,
        "btw_per_stuk": 17.16
      },
      {
        "productnaam": "Oracle WebLogic Server",
        "aantal": 2,
        "prijs_per_stuk_excl_btw": 435.84,
        "btw_per_stuk": 91.53
      },
      {
        "productnaam": "Oracle Cloud",
        "aantal": 3,
        "prijs_per_stuk_excl_btw": 57.67,
        "btw_per_stuk": 12.11
      },
      {
        "productnaam": "Microsoft Windows Server 2019",
        "aantal": 5,
        "prijs_per_stuk_excl_btw": 408.53,
        "btw_per_stuk": 85.79
      }
    ]
  }
}