{
  "order": {
    "ordernummer": "2002-321",
    "orderdatum": "05-06-2022",
    "betaaltermijn": "60-dagen",
    "klant": {
      "naam": "PC Mercurius B.V.",
      "adres": "Kerkstraat 280",
      "postcode": "5062 AA",
      "stad": "Rotterdam",
      "KVK-nummer": "15068712"
    },
    "producten": [
      {
        "productnaam": "Google Analytics",
        "aantal": 5,
        "prijs_per_stuk_excl_btw": 306.66,
        "btw_percentage": 21.0
      },
      {
        "productnaam": "Google Analytics",
        "aantal": 4,
        "prijs_per_stuk_excl_btw": 435.62,
        "btw_percentage": 21.0
      },
      {
        "productnaam": "Google Analytics",
        "aantal": 2,
        "prijs_per_stuk_excl_btw": 163.61,
        "btw_percentage": 21.0
      },
      {
        "productnaam": "Google Cloud Platform",
        "aantal": 1,
        "prijs_per_stuk_excl_btw": 42.0,
        "btw_percentage": 21.0
      },
      {
        "productnaam": "Oracle Java SE",
        "aantal": 2,
        "prijs_per_stuk_excl_btw": 475.66,
        "btw_percentage": 21.0
      }
    ]
  }
}