{
  "order": {
    "ordernummer": "2003-645",
    "orderdatum": "18-10-2023",
    "betaaltermijn": "60-dagen",
    "klant": {
      "naam": "PC Sputnik B.V.",
      "adres": "Schoolstraat 63",
      "postcode": "3798 AA",
      "stad": "Rotterdam",
      "KVK-nummer": "77940947"
    },
    "producten": [
      {
        "productnaam": "Adobe Creative Cloud",
        "aantal": 5,
        "prijs_per_stuk_excl_btw": 204.09,
        "btw_percentage": 21.0
      },
      {
        "productnaam": "Oracle WebLogic Server",
        "aantal": 4,
        "prijs_per_stuk_excl_btw": 28.33,
        "btw_percentage": 21.0
      },
      {
        "productnaam": "Adobe Illustrator",
        "aantal": 5,
        "prijs_per_stuk_excl_btw": 60.05,
        "btw_percentage": 21.0
      }
    ]
  }
}