{
  "order": {
    "ordernummer": "2003-542",
    "orderdatum": "03-03-2023",
    "betaaltermijn": "90-dagen",
    "klant": {
      "naam": "PC Saturnus B.V.",
      "adres": "Schoolstraat 214",
      "postcode": "9431 AB",
      "stad": "Amsterdam",
      "KVK-nummer": "53290453"
    },
    "producten": [
      {
        "productnaam": "Oracle Solaris",
        "aantal": 5,
        "prijs_per_stuk_excl_btw": 434.9,
        "btw_percentage": 21.0
      },
      {
        "productnaam": "Google Webservices",
        "aantal": 4,
        "prijs_per_stuk_excl_btw": 216.17,
        "btw_percentage": 21.0
      },
      {
        "productnaam": "Oracle MySQL",
        "aantal": 5,
        "prijs_per_stuk_excl_btw": 75.02,
        "btw_percentage": 21.0
      },
      {
        "productnaam": "Microsoft SQL Server 2019",
        "aantal": 3,
        "prijs_per_stuk_excl_btw": 437.27,
        "btw_percentage": 21.0
      },
      {
        "productnaam": "Adobe Illustrator",
        "aantal": 4,
        "prijs_per_stuk_excl_btw": 263.86,
        "btw_percentage": 21.0
      },
      {
        "productnaam": "Adobe Photoshop",
        "aantal": 3,
        "prijs_per_stuk_excl_btw": 198.68,
        "btw_percentage": 21.0
      }
    ]
  }
}