{
  "order": {
    "ordernummer": "2003-718",
    "orderdatum": "17-02-2020",
    "betaaltermijn": "60-dagen",
    "klant": {
      "naam": "PC Jupiter B.V.",
      "adres": "Schoolstraat 857",
      "postcode": "1892 AB",
      "stad": "Rotterdam",
      "KVK-nummer": "56312326"
    },
    "producten": [
      {
        "productnaam": "Microsoft Windows Server 2019",
        "aantal": 5,
        "prijs_per_stuk_excl_btw": 265.69,
        "btw_per_stuk": 55.79
      },
      {
        "productnaam": "Microsoft Power BI",
        "aantal": 5,
        "prijs_per_stuk_excl_btw": 205.23,
        "btw_per_stuk": 43.1
      },
      {
        "productnaam": "Google Workspace",
        "aantal": 3,
        "prijs_per_stuk_excl_btw": 154.61,
        "btw_per_stuk": 32.47
      },
      {
        "productnaam": "Microsoft Windows 10",
        "aantal": 4,
        "prijs_per_stuk_excl_btw": 319.02,
        "btw_per_stuk": 66.99
      }
    ]
  }
}