{
  "order": {
    "ordernummer": "2003-262",
    "orderdatum": "22-10-2020",
    "betaaltermijn": "60-dagen",
    "klant": {
      "naam": "PC Saturnus B.V.",
      "adres": "Schoolstraat 155",
      "postcode": "5683 AC",
      "stad": "Amsterdam",
      "KVK-nummer": "11210273"
    },
    "producten": [
      {
        "productnaam": "Microsoft Azure",
        "aantal": 2,
        "prijs_per_stuk_excl_btw": 88.21,
        "btw_percentage": 21.0
      },
      {
        "productnaam": "Oracle Database 19c",
        "aantal": 4,
        "prijs_per_stuk_excl_btw": 465.82,
        "btw_percentage": 21.0
      },
      {
        "productnaam": "Microsoft Windows 10",
        "aantal": 4,
        "prijs_per_stuk_excl_btw": 122.97,
        "btw_percentage": 21.0
      }
    ]
  }
}