{
  "order": {
    "ordernummer": "2003-420",
    "orderdatum": "28-05-2021",
    "betaaltermijn": "90-dagen",
    "klant": {
      "naam": "PC Jupiter B.V.",
      "adres": "Hoofdstraat 130",
      "postcode": "7043 AC",
      "stad": "Rotterdam",
      "KVK-nummer": "23249205"
    },
    "producten": [
      {
        "productnaam": "Oracle Cloud",
        "aantal": 3,
        "prijs_per_stuk_excl_btw": 177.61,
        "btw_per_stuk": 37.3
      },
      {
        "productnaam": "Adobe InDesign",
        "aantal": 4,
        "prijs_per_stuk_excl_btw": 426.72,
        "btw_per_stuk": 89.61
      }
    ]
  }
}