{
  "order": {
    "ordernummer": "2003-720",
    "orderdatum": "24-05-2023",
    "betaaltermijn": "30-dagen",
    "klant": {
      "naam": "PC Sputnik B.V.",
      "adres": "Hoofdstraat 727",
      "postcode": "2645 AC",
      "stad": "Amsterdam",
      "KVK-nummer": "30370676"
    },
    "producten": [
      {
        "productnaam": "Adobe Photoshop",
        "aantal": 4,
        "prijs_per_stuk_excl_btw": 426.92,
        "btw_percentage": 21.0
      },
      {
        "productnaam": "Oracle Database 19c",
        "aantal": 2,
        "prijs_per_stuk_excl_btw": 305.57,
        "btw_percentage": 21.0
      },
      {
        "productnaam": "Microsoft Office 365",
        "aantal": 3,
        "prijs_per_stuk_excl_btw": 418.13,
        "btw_percentage": 21.0
      }
    ]
  }
}