{
  "order": {
    "ordernummer": "2003-122",
    "orderdatum": "23-12-2020",
    "betaaltermijn": "30-dagen",
    "klant": {
      "naam": "PC Sputnik B.V.",
      "adres": "Schoolstraat 708",
      "postcode": "2220 AC",
      "stad": "Utrecht",
      "KVK-nummer": "42448063"
    },
    "producten": [
      {
        "productnaam": "Adobe Creative Cloud",
        "aantal": 3,
        "prijs_per_stuk_excl_btw": 418.78,
        "btw_per_stuk": 87.94
      },
      {
        "productnaam": "Oracle MySQL",
        "aantal": 3,
        "prijs_per_stuk_excl_btw": 253.52,
        "btw_per_stuk": 53.24
      },
      {
        "productnaam": "Google Ads",
        "aantal": 4,
        "prijs_per_stuk_excl_btw": 462.3,
        "btw_per_stuk": 97.08
      }
    ]
  }
}