{
  "order": {
    "ordernummer": "2003-684",
    "orderdatum": "03-05-2020",
    "betaaltermijn": "90-dagen",
    "klant": {
      "naam": "PC Jupiter B.V.",
      "adres": "Schoolstraat 374",
      "postcode": "6148 AB",
      "stad": "Amsterdam",
      "KVK-nummer": "41461485"
    },
    "producten": [
      {
        "productnaam": "Oracle WebLogic Server",
        "aantal": 1,
        "prijs_per_stuk_excl_btw": 254.17,
        "btw_per_stuk": 53.38
      },
      {
        "productnaam": "Oracle Database 19c",
        "aantal": 2,
        "prijs_per_stuk_excl_btw": 335.69,
        "btw_per_stuk": 70.49
      },
      {
        "productnaam": "Adobe Premiere Pro",
        "aantal": 5,
        "prijs_per_stuk_excl_btw": 207.39,
        "btw_per_stuk": 43.55
      },
      {
        "productnaam": "Oracle Solaris",
        "aantal": 4,
        "prijs_per_stuk_excl_btw": 428.35,
        "btw_per_stuk": 89.95
      }
    ]
  }
}