{
  "order": {
    "ordernummer": "2003-556",
    "orderdatum": "16-11-2024",
    "betaaltermijn": "60-dagen",
    "klant": {
      "naam": "PC Sputnik B.V.",
      "adres": "Schoolstraat 149",
      "postcode": "1734 AB",
      "stad": "Utrecht",
      "KVK-nummer": "89539171"
    },
    "producten": [
      {
        "productnaam": "Adobe InDesign",
        "aantal": 5,
        "prijs_per_stuk_excl_btw": 236.55,
        "btw_percentage": 21.0
      },
      {
        "productnaam": "Microsoft Visual Studio 2019",
        "aantal": 4,
        "prijs_per_stuk_excl_btw": 477.71,
        "btw_percentage": 21.0
      },
      {
        "productnaam": "Oracle VM",
        "aantal": 5,
        "prijs_per_stuk_excl_btw": 476.78,
        "btw_percentage": 21.0
      }
    ]
  }
}