{
  "order": {
    "ordernummer": "2003-313",
    "orderdatum": "02-04-2020",
    "betaaltermijn": "90-dagen",
    "klant": {
      "naam": "PC Jupiter B.V.",
      "adres": "Schoolstraat 30",
      "postcode": "9438 AC",
      "stad": "Rotterdam",
      "KVK-nummer": "74887254"
    },
    "producten": [
      {
        "productnaam": "Microsoft Visual Studio 2019",
        "aantal": 5,
        "prijs_per_stuk_excl_btw": 428.49,
        "btw_per_stuk": 89.98
      },
      {
        "productnaam": "Adobe Illustrator",
        "aantal": 4,
        "prijs_per_stuk_excl_btw": 252.32,
        "btw_per_stuk": 52.99
      },
      {
        "productnaam": "Google Ads",
        "aantal": 4,
        "prijs_per_stuk_excl_btw": 61.4,
        "btw_per_stuk": 12.89
      }
    ]
  }
}