{
  "order": {
    "ordernummer": "2003-579",
    "orderdatum": "08-06-2021",
    "betaaltermijn": "90-dagen",
    "klant": {
      "naam": "PC Sputnik B.V.",
      "adres": "Schoolstraat 566",
      "postcode": "2566 AB",
      "stad": "Rotterdam",
      "KVK-nummer": "55946024"
    },
    "producten": [
      {
        "productnaam": "Microsoft Visual Studio 2019",
        "aantal": 1,
        "prijs_per_stuk_excl_btw": 214.17,
        "btw_per_stuk": 44.98
      },
      {
        "productnaam": "Adobe Premiere Pro",
        "aantal": 4,
        "prijs_per_stuk_excl_btw": 338.93,
        "btw_per_stuk": 71.18
      }
    ]
  }
}