{
  "order": {
    "ordernummer": "2003-613",
    "orderdatum": "19-06-2023",
    "betaaltermijn": "30-dagen",
    "klant": {
      "naam": "PC Aarde B.V.",
      "adres": "Schoolstraat 755",
      "postcode": "7527 AA",
      "stad": "Rotterdam",
      "KVK-nummer": "40759189"
    },
    "producten": [
      {
        "productnaam": "Adobe Photoshop",
        "aantal": 3,
        "prijs_per_stuk_excl_btw": 216.5,
        "btw_percentage": 21.0
      },
      {
        "productnaam": "Google Workspace",
        "aantal": 2,
        "prijs_per_stuk_excl_btw": 76.42,
        "btw_percentage": 21.0
      }
    ]
  }
}