{
  "order": {
    "ordernummer": "2003-319",
    "orderdatum": "05-11-2024",
    "betaaltermijn": "90-dagen",
    "klant": {
      "naam": "PC Jupiter B.V.",
      "adres": "Schoolstraat 973",
      "postcode": "2123 AC",
      "stad": "Utrecht",
      "KVK-nummer": "21139434"
    },
    "producten": [
      {
        "productnaam": "Microsoft SQL Server 2019",
        "aantal": 5,
        "prijs_per_stuk_excl_btw": 128.62,
        "btw_percentage": 21.0
      },
      {
        "productnaam": "Adobe Illustrator",
        "aantal": 3,
        "prijs_per_stuk_excl_btw": 75.37,
        "btw_percentage": 21.0
      },
      {
        "productnaam": "Oracle Cloud",
        "aantal": 2,
        "prijs_per_stuk_excl_btw": 411.36,
        "btw_percentage": 21.0
      },
      {
        "productnaam": "Microsoft Dynamics 365",
        "aantal": 2,
        "prijs_per_stuk_excl_btw": 296.37,
        "btw_percentage": 21.0
      },
      {
        "productnaam": "Oracle MySQL",
        "aantal": 5,
        "prijs_per_stuk_excl_btw": 38.82,
        "btw_percentage": 21.0
      },
      {
        "productnaam": "Oracle Solaris",
        "aantal": 5,
        "prijs_per_stuk_excl_btw": 55.91,
        "btw_percentage": 21.0
      },
      {
        "productnaam": "Oracle WebLogic Server",
        "aantal": 4,
        "prijs_per_stuk_excl_btw": 377.42,
        "btw_percentage": 21.0
      },
      {
        "productnaam": "Oracle WebLogic Server",
        "aantal": 5,
        "prijs_per_stuk_excl_btw": 340.91,
        "btw_percentage": 21.0
      },
      {
        "productnaam": "GitHub",
        "aantal": 3,
        "prijs_per_stuk_excl_btw": 303.57,
        "btw_percentage": 21.0
      },
      {
        "productnaam": "Microsoft Office 365",
        "aantal": 4,
        "prijs_per_stuk_excl_btw": 420.02,
        "btw_percentage": 21.0
      },
      {
        "productnaam": "Adobe Creative Cloud",
        "aantal": 2,
        "prijs_per_stuk_excl_btw": 313.25,
        "btw_percentage": 21.0
      },
      {
        "productnaam": "Oracle Solaris",
        "aantal": 4,
        "prijs_per_stuk_excl_btw": 76.18,
        "btw_percentage": 21.0
      },
      {
        "productnaam": "Oracle Cloud",
        "aantal": 3,
        "prijs_per_stuk_excl_btw": 476.87,
        "btw_percentage": 21.0
      }
    ]
  }
}