{
  "order": {
    "ordernummer": "2003-330",
    "orderdatum": "14-03-2023",
    "betaaltermijn": "60-dagen",
    "klant": {
      "naam": "PC Sputnik B.V.",
      "adres": "Schoolstraat 160",
      "postcode": "6528 AB",
      "stad": "Amsterdam",
      "KVK-nummer": "28292800"
    },
    "producten": [
      {
        "productnaam": "Microsoft SQL Server 2019",
        "aantal": 2,
        "prijs_per_stuk_excl_btw": 469.37,
        "btw_per_stuk": 98.57
      },
      {
        "productnaam": "Adobe Photoshop",
        "aantal": 4,
        "prijs_per_stuk_excl_btw": 140.88,
        "btw_per_stuk": 29.58
      },
      {
        "productnaam": "Oracle MySQL",
        "aantal": 4,
        "prijs_per_stuk_excl_btw": 391.51,
        "btw_per_stuk": 82.22
      }
    ]
  }
}