{
  "order": {
    "ordernummer": "2003-666",
    "orderdatum": "27-06-2020",
    "betaaltermijn": "60-dagen",
    "klant": {
      "naam": "PC Aarde B.V.",
      "adres": "Hoofdstraat 766",
      "postcode": "9294 AB",
      "stad": "Amsterdam",
      "KVK-nummer": "38659263"
    },
    "producten": [
      {
        "productnaam": "Oracle VM",
        "aantal": 2,
        "prijs_per_stuk_excl_btw": 271.08,
        "btw_percentage": 21.0
      },
      {
        "productnaam": "Adobe Photoshop",
        "aantal": 2,
        "prijs_per_stuk_excl_btw": 284.84,
        "btw_percentage": 21.0
      },
      {
        "productnaam": "Adobe InDesign",
        "aantal": 2,
        "prijs_per_stuk_excl_btw": 40.75,
        "btw_percentage": 21.0
      },
      {
        "productnaam": "Oracle Solaris",
        "aantal": 5,
        "prijs_per_stuk_excl_btw": 197.85,
        "btw_percentage": 21.0
      },
      {
        "productnaam": "Google Ads",
        "aantal": 2,
        "prijs_per_stuk_excl_btw": 271.99,
        "btw_percentage": 21.0
      },
      {
        "productnaam": "Oracle Database 19c",
        "aantal": 4,
        "prijs_per_stuk_excl_btw": 462.49,
        "btw_percentage": 21.0
      },
      {
        "productnaam": "Microsoft SQL Server 2019",
        "aantal": 2,
        "prijs_per_stuk_excl_btw": 52.41,
        "btw_percentage": 21.0
      },
      {
        "productnaam": "Google Webservices",
        "aantal": 5,
        "prijs_per_stuk_excl_btw": 248.84,
        "btw_percentage": 21.0
      },
      {
        "productnaam": "Oracle Cloud",
        "aantal": 5,
        "prijs_per_stuk_excl_btw": 272.04,
        "btw_percentage": 21.0
      },
      {
        "productnaam": "Microsoft Power BI",
        "aantal": 4,
        "prijs_per_stuk_excl_btw": 466.81,
        "btw_percentage": 21.0
      },
      {
        "productnaam": "Adobe Premiere Pro",
        "aantal": 2,
        "prijs_per_stuk_excl_btw": 381.05,
        "btw_percentage": 21.0
      },
      {
        "productnaam": "Microsoft Visual Studio 2019",
        "aantal": 1,
        "prijs_per_stuk_excl_btw": 113.12,
        "btw_percentage": 21.0
      },
      {
        "productnaam": "GitHub",
        "aantal": 1,
        "prijs_per_stuk_excl_btw": 92.65,
        "btw_percentage": 21.0
      },
      {
        "productnaam": "Oracle VM",
        "aantal": 3,
        "prijs_per_stuk_excl_btw": 179.19,
        "btw_percentage": 21.0
      },
      {
        "productnaam": "Adobe Creative Cloud",
        "aantal": 4,
        "prijs_per_stuk_excl_btw": 225.41,
        "btw_percentage": 21.0
      },
      {
        "productnaam": "Microsoft Dynamics 365",
        "aantal": 5,
        "prijs_per_stuk_excl_btw": 469.82,
        "btw_percentage": 21.0
      }
    ]
  }
}