{
  "order": {
    "ordernummer": "2003-203",
    "orderdatum": "28-05-2020",
    "betaaltermijn": "60-dagen",
    "klant": {
      "naam": "PC Jupiter B.V.",
      "adres": "Schoolstraat 266",
      "postcode": "9739 AB",
      "stad": "Amsterdam",
      "KVK-nummer": "62259748"
    },
    "producten": [
      {
        "productnaam": "Google Workspace",
        "aantal": 4,
        "prijs_per_stuk_excl_btw": 312.36,
        "btw_percentage": 21.0
      },
      {
        "productnaam": "Adobe Photoshop",
        "aantal": 3,
        "prijs_per_stuk_excl_btw": 132.51,
        "btw_percentage": 21.0
      },
      {
        "productnaam": "Oracle Database 19c",
        "aantal": 2,
        "prijs_per_stuk_excl_btw": 171.39,
        "btw_percentage": 21.0
      },
      {
        "productnaam": "Oracle VirtualBox",
        "aantal": 3,
        "prijs_per_stuk_excl_btw": 348.83,
        "btw_percentage": 21.0
      }
    ]
  }
}