{
  "order": {
    "ordernummer": "2003-273",
    "orderdatum": "04-03-2021",
    "betaaltermijn": "60-dagen",
    "klant": {
      "naam": "PC Sputnik B.V.",
      "adres": "Schoolstraat 968",
      "postcode": "6035 AC",
      "stad": "Amsterdam",
      "KVK-nummer": "10354186"
    },
    "producten": [
      {
        "productnaam": "Adobe Photoshop",
        "aantal": 1,
        "prijs_per_stuk_excl_btw": 13.96,
        "btw_percentage": 21.0
      },
      {
        "productnaam": "Google Webservices",
        "aantal": 5,
        "prijs_per_stuk_excl_btw": 324.64,
        "btw_percentage": 21.0
      },
      {
        "productnaam": "Oracle Database 19c",
        "aantal": 4,
        "prijs_per_stuk_excl_btw": 221.48,
        "btw_percentage": 21.0
      },
      {
        "productnaam": "Oracle Cloud",
        "aantal": 5,
        "prijs_per_stuk_excl_btw": 429.17,
        "btw_percentage": 21.0
      }
    ]
  }
}