{
  "order": {
    "ordernummer": "2003-230",
    "orderdatum": "03-07-2024",
    "betaaltermijn": "30-dagen",
    "klant": {
      "naam": "PC Saturnus B.V.",
      "adres": "Hoofdstraat 492",
      "postcode": "6903 AB",
      "stad": "Utrecht",
      "KVK-nummer": "57849968"
    },
    "producten": [
      {
        "productnaam": "Microsoft Power BI",
        "aantal": 1,
        "prijs_per_stuk_excl_btw": 286.97,
        "btw_per_stuk": 60.26
      },
      {
        "productnaam": "Microsoft Windows 10",
        "aantal": 5,
        "prijs_per_stuk_excl_btw": 28.0,
        "btw_per_stuk": 5.88
      },
      {
        "productnaam": "Oracle MySQL",
        "aantal": 4,
        "prijs_per_stuk_excl_btw": 169.96,
        "btw_per_stuk": 35.69
      },
      {
        "productnaam": "Google Workspace",
        "aantal": 4,
        "prijs_per_stuk_excl_btw": 220.26,
        "btw_per_stuk": 46.25
      }
    ]
  }
}