{
  "order": {
    "ordernummer": "2003-514",
    "orderdatum": "12-05-2021",
    "betaaltermijn": "30-dagen",
    "klant": {
      "naam": "PC Jupiter B.V.",
      "adres": "Kerkstraat 261",
      "postcode": "8819 AA",
      "stad": "Rotterdam",
      "KVK-nummer": "93390702"
    },
    "producten": [
      {
        "productnaam": "Microsoft Visual Studio 2019",
        "aantal": 1,
        "prijs_per_stuk_excl_btw": 424.25,
        "btw_percentage": 21.0
      },
      {
        "productnaam": "Oracle MySQL",
        "aantal": 2,
        "prijs_per_stuk_excl_btw": 369.07,
        "btw_percentage": 21.0
      },
      {
        "productnaam": "Microsoft Windows 10",
        "aantal": 3,
        "prijs_per_stuk_excl_btw": 379.46,
        "btw_percentage": 21.0
      }
    ]
  }
}