{
  "order": {
    "ordernummer": "2003-575",
    "orderdatum": "16-10-2020",
    "betaaltermijn": "90-dagen",
    "klant": {
      "naam": "PC Jupiter B.V.",
      "adres": "Schoolstraat 328",
      "postcode": "4179 AA",
      "stad": "Rotterdam",
      "KVK-nummer": "46172129"
    },
    "producten": [
      {
        "productnaam": "Adobe InDesign",
        "aantal": 4,
        "prijs_per_stuk_excl_btw": 219.34,
        "btw_per_stuk": 46.06
      },
      {
        "productnaam": "Microsoft Windows 10",
        "aantal": 3,
        "prijs_per_stuk_excl_btw": 383.24,
        "btw_per_stuk": 80.48
      },
      {
        "productnaam": "Google Cloud Platform",
        "aantal": 1,
        "prijs_per_stuk_excl_btw": 13.09,
        "btw_per_stuk": 2.75
      },
      {
        "productnaam": "Adobe Illustrator",
        "aantal": 4,
        "prijs_per_stuk_excl_btw": 495.08,
        "btw_per_stuk": 103.97
      },
      {
        "productnaam": "Microsoft Visual Studio 2019",
        "aantal": 3,
        "prijs_per_stuk_excl_btw": 119.08,
        "btw_per_stuk": 25.01
      }
    ]
  }
}