{
  "order": {
    "ordernummer": "2003-354",
    "orderdatum": "23-02-2024",
    "betaaltermijn": "90-dagen",
    "klant": {
      "naam": "PC Jupiter B.V.",
      "adres": "Kerkstraat 188",
      "postcode": "3100 AA",
      "stad": "Utrecht",
      "KVK-nummer": "19415979"
    },
    "producten": [
      {
        "productnaam": "Adobe Illustrator",
        "aantal": 3,
        "prijs_per_stuk_excl_btw": 410.5,
        "btw_per_stuk": 86.2
      },
      {
        "productnaam": "Google Ads",
        "aantal": 1,
        "prijs_per_stuk_excl_btw": 199.32,
        "btw_per_stuk": 41.86
      },
      {
        "productnaam": "Google Analytics",
        "aantal": 3,
        "prijs_per_stuk_excl_btw": 76.31,
        "btw_per_stuk": 16.03
      }
    ]
  }
}